/*
 Navicat Premium Data Transfer

 Source Server         : mysql
 Source Server Type    : MySQL
 Source Server Version : 50624
 Source Host           : localhost:3306
 Source Schema         : activitileavedb2

 Target Server Type    : MySQL
 Target Server Version : 50624
 File Encoding         : 65001

 Date: 18/09/2020 14:48:07
*/

SET NAMES utf8mb4;
SET FOREIGN_KEY_CHECKS = 0;

-- ----------------------------
-- Table structure for act_ge_bytearray
-- ----------------------------
DROP TABLE IF EXISTS `act_ge_bytearray`;
CREATE TABLE `act_ge_bytearray`  (
  `ID_` varchar(64) CHARACTER SET utf8 COLLATE utf8_bin NOT NULL DEFAULT '',
  `REV_` int(11) DEFAULT NULL,
  `NAME_` varchar(255) CHARACTER SET utf8 COLLATE utf8_bin DEFAULT NULL,
  `DEPLOYMENT_ID_` varchar(64) CHARACTER SET utf8 COLLATE utf8_bin DEFAULT NULL,
  `BYTES_` longblob,
  `GENERATED_` tinyint(4) DEFAULT NULL,
  PRIMARY KEY (`ID_`) USING BTREE,
  INDEX `ACT_FK_BYTEARR_DEPL`(`DEPLOYMENT_ID_`) USING BTREE,
  CONSTRAINT `ACT_FK_BYTEARR_DEPL` FOREIGN KEY (`DEPLOYMENT_ID_`) REFERENCES `act_re_deployment` (`ID_`) ON DELETE RESTRICT ON UPDATE RESTRICT
) ENGINE = InnoDB CHARACTER SET = utf8 COLLATE = utf8_bin ROW_FORMAT = Compact;

-- ----------------------------
-- Records of act_ge_bytearray
-- ----------------------------
INSERT INTO `act_ge_bytearray` VALUES ('2', 1, 'baoxiaoprocess.bpmn', '1', 0x3C3F786D6C2076657273696F6E3D22312E302220656E636F64696E673D225554462D38223F3E0A3C646566696E6974696F6E7320786D6C6E733D22687474703A2F2F7777772E6F6D672E6F72672F737065632F42504D4E2F32303130303532342F4D4F44454C2220786D6C6E733A7873693D22687474703A2F2F7777772E77332E6F72672F323030312F584D4C536368656D612D696E7374616E63652220786D6C6E733A7873643D22687474703A2F2F7777772E77332E6F72672F323030312F584D4C536368656D612220786D6C6E733A61637469766974693D22687474703A2F2F61637469766974692E6F72672F62706D6E2220786D6C6E733A62706D6E64693D22687474703A2F2F7777772E6F6D672E6F72672F737065632F42504D4E2F32303130303532342F44492220786D6C6E733A6F6D6764633D22687474703A2F2F7777772E6F6D672E6F72672F737065632F44442F32303130303532342F44432220786D6C6E733A6F6D6764693D22687474703A2F2F7777772E6F6D672E6F72672F737065632F44442F32303130303532342F44492220747970654C616E67756167653D22687474703A2F2F7777772E77332E6F72672F323030312F584D4C536368656D61222065787072657373696F6E4C616E67756167653D22687474703A2F2F7777772E77332E6F72672F313939392F585061746822207461726765744E616D6573706163653D22687474703A2F2F7777772E61637469766974692E6F72672F74657374223E0A20203C70726F636573732069643D2262616F7869616F22206E616D653D2262616F7869616F50726F636573732220697345786563757461626C653D2274727565223E0A202020203C73746172744576656E742069643D2273746172746576656E743122206E616D653D225374617274223E3C2F73746172744576656E743E0A202020203C757365725461736B2069643D22757365727461736B3122206E616D653D22E59198E5B7A5E794B3E8AFB7E68AA5E99480222061637469766974693A61737369676E65653D22247B696E707574557365727D223E3C2F757365725461736B3E0A202020203C73657175656E6365466C6F772069643D22666C6F77312220736F757263655265663D2273746172746576656E743122207461726765745265663D22757365727461736B31223E3C2F73657175656E6365466C6F773E0A202020203C757365725461736B2069643D22757365727461736B3222206E616D653D22E983A8E997A8E7BB8FE79086E5AEA1E689B9223E0A2020202020203C657874656E73696F6E456C656D656E74733E0A20202020202020203C61637469766974693A7461736B4C697374656E6572206576656E743D226372656174652220636C6173733D22636F6D2E7A6A2E6F612E7574696C732E4D616E616765725461736B48616E646C6572223E3C2F61637469766974693A7461736B4C697374656E65723E0A2020202020203C2F657874656E73696F6E456C656D656E74733E0A202020203C2F757365725461736B3E0A202020203C73657175656E6365466C6F772069643D22666C6F77322220736F757263655265663D22757365727461736B3122207461726765745265663D22757365727461736B32223E3C2F73657175656E6365466C6F773E0A202020203C656E644576656E742069643D22656E646576656E743122206E616D653D22456E64223E3C2F656E644576656E743E0A202020203C73657175656E6365466C6F772069643D22666C6F773322206E616D653D22E4B88DE5908CE6848F2220736F757263655265663D22757365727461736B3222207461726765745265663D22656E646576656E7431223E0A2020202020203C636F6E646974696F6E45787072657373696F6E207873693A747970653D2274466F726D616C45787072657373696F6E223E3C215B43444154415B247B6D6573736167653D3D27E4B88DE5908CE6848F277D5D5D3E3C2F636F6E646974696F6E45787072657373696F6E3E0A202020203C2F73657175656E6365466C6F773E0A202020203C757365725461736B2069643D22757365727461736B3322206E616D653D22E8B4A2E58AA1E5AEA1E6A0B8222061637469766974693A61737369676E65653D226C69223E3C2F757365725461736B3E0A202020203C73657175656E6365466C6F772069643D22666C6F773422206E616D653D22E98791E9A29DE5B08FE4BA8EE7AD89E4BA8E353030302220736F757263655265663D22757365727461736B3222207461726765745265663D22757365727461736B33223E0A2020202020203C636F6E646974696F6E45787072657373696F6E207873693A747970653D2274466F726D616C45787072657373696F6E223E3C215B43444154415B247B6D6573736167653D3D27E98791E9A29DE5B08FE4BA8EE7AD89E4BA8E35303030277D5D5D3E3C2F636F6E646974696F6E45787072657373696F6E3E0A202020203C2F73657175656E6365466C6F773E0A202020203C73657175656E6365466C6F772069643D22666C6F77352220736F757263655265663D22757365727461736B3322207461726765745265663D22656E646576656E7431223E3C2F73657175656E6365466C6F773E0A202020203C757365725461736B2069643D22757365727461736B3422206E616D653D22E680BBE7BB8FE79086E5AEA1E689B9223E0A2020202020203C657874656E73696F6E456C656D656E74733E0A20202020202020203C61637469766974693A7461736B4C697374656E6572206576656E743D226372656174652220636C6173733D22636F6D2E7A6A2E6F612E7574696C732E4D616E616765725461736B48616E646C6572223E3C2F61637469766974693A7461736B4C697374656E65723E0A2020202020203C2F657874656E73696F6E456C656D656E74733E0A202020203C2F757365725461736B3E0A202020203C73657175656E6365466C6F772069643D22666C6F773622206E616D653D22E98791E9A29DE5A4A7E4BA8E353030302220736F757263655265663D22757365727461736B3222207461726765745265663D22757365727461736B34223E0A2020202020203C636F6E646974696F6E45787072657373696F6E207873693A747970653D2274466F726D616C45787072657373696F6E223E3C215B43444154415B247B6D6573736167653D3D27E98791E9A29DE5A4A7E4BA8E35303030277D5D5D3E3C2F636F6E646974696F6E45787072657373696F6E3E0A202020203C2F73657175656E6365466C6F773E0A202020203C73657175656E6365466C6F772069643D22666C6F773722206E616D653D22E4B88DE5908CE6848F2220736F757263655265663D22757365727461736B3422207461726765745265663D22656E646576656E7431223E0A2020202020203C636F6E646974696F6E45787072657373696F6E207873693A747970653D2274466F726D616C45787072657373696F6E223E3C215B43444154415B247B6D6573736167653D3D27E4B88DE5908CE6848F277D5D5D3E3C2F636F6E646974696F6E45787072657373696F6E3E0A202020203C2F73657175656E6365466C6F773E0A202020203C73657175656E6365466C6F772069643D22666C6F773822206E616D653D22E5908CE6848F2220736F757263655265663D22757365727461736B3422207461726765745265663D22757365727461736B33223E0A2020202020203C636F6E646974696F6E45787072657373696F6E207873693A747970653D2274466F726D616C45787072657373696F6E223E3C215B43444154415B247B6D6573736167653D3D27E5908CE6848F277D5D5D3E3C2F636F6E646974696F6E45787072657373696F6E3E0A202020203C2F73657175656E6365466C6F773E0A202020203C73657175656E6365466C6F772069643D22666C6F773922206E616D653D22E9A9B3E59B9E2220736F757263655265663D22757365727461736B3222207461726765745265663D22757365727461736B31223E0A2020202020203C636F6E646974696F6E45787072657373696F6E207873693A747970653D2274466F726D616C45787072657373696F6E223E3C215B43444154415B247B6D6573736167653D3D27E9A9B3E59B9E277D5D5D3E3C2F636F6E646974696F6E45787072657373696F6E3E0A202020203C2F73657175656E6365466C6F773E0A202020203C73657175656E6365466C6F772069643D22666C6F77313022206E616D653D22E9A9B3E59B9E2220736F757263655265663D22757365727461736B3422207461726765745265663D22757365727461736B31223E0A2020202020203C636F6E646974696F6E45787072657373696F6E207873693A747970653D2274466F726D616C45787072657373696F6E223E3C215B43444154415B247B6D6573736167653D3D27E9A9B3E59B9E277D5D5D3E3C2F636F6E646974696F6E45787072657373696F6E3E0A202020203C2F73657175656E6365466C6F773E0A20203C2F70726F636573733E0A20203C62706D6E64693A42504D4E4469616772616D2069643D2242504D4E4469616772616D5F62616F7869616F223E0A202020203C62706D6E64693A42504D4E506C616E652062706D6E456C656D656E743D2262616F7869616F222069643D2242504D4E506C616E655F62616F7869616F223E0A2020202020203C62706D6E64693A42504D4E53686170652062706D6E456C656D656E743D2273746172746576656E7431222069643D2242504D4E53686170655F73746172746576656E7431223E0A20202020202020203C6F6D6764633A426F756E6473206865696768743D2233352E30222077696474683D2233352E302220783D223336302E302220793D2235302E30223E3C2F6F6D6764633A426F756E64733E0A2020202020203C2F62706D6E64693A42504D4E53686170653E0A2020202020203C62706D6E64693A42504D4E53686170652062706D6E456C656D656E743D22757365727461736B31222069643D2242504D4E53686170655F757365727461736B31223E0A20202020202020203C6F6D6764633A426F756E6473206865696768743D2235352E30222077696474683D223130352E302220783D223332352E302220793D223135302E30223E3C2F6F6D6764633A426F756E64733E0A2020202020203C2F62706D6E64693A42504D4E53686170653E0A2020202020203C62706D6E64693A42504D4E53686170652062706D6E456C656D656E743D22757365727461736B32222069643D2242504D4E53686170655F757365727461736B32223E0A20202020202020203C6F6D6764633A426F756E6473206865696768743D2235352E30222077696474683D223130352E302220783D223332352E302220793D223236302E30223E3C2F6F6D6764633A426F756E64733E0A2020202020203C2F62706D6E64693A42504D4E53686170653E0A2020202020203C62706D6E64693A42504D4E53686170652062706D6E456C656D656E743D22656E646576656E7431222069643D2242504D4E53686170655F656E646576656E7431223E0A20202020202020203C6F6D6764633A426F756E6473206865696768743D2233352E30222077696474683D2233352E302220783D223336302E302220793D223338302E30223E3C2F6F6D6764633A426F756E64733E0A2020202020203C2F62706D6E64693A42504D4E53686170653E0A2020202020203C62706D6E64693A42504D4E53686170652062706D6E456C656D656E743D22757365727461736B33222069643D2242504D4E53686170655F757365727461736B33223E0A20202020202020203C6F6D6764633A426F756E6473206865696768743D2235352E30222077696474683D223130352E302220783D223136302E302220793D223337302E30223E3C2F6F6D6764633A426F756E64733E0A2020202020203C2F62706D6E64693A42504D4E53686170653E0A2020202020203C62706D6E64693A42504D4E53686170652062706D6E456C656D656E743D22757365727461736B34222069643D2242504D4E53686170655F757365727461736B34223E0A20202020202020203C6F6D6764633A426F756E6473206865696768743D2235352E30222077696474683D223130352E302220783D223531302E302220793D223337302E30223E3C2F6F6D6764633A426F756E64733E0A2020202020203C2F62706D6E64693A42504D4E53686170653E0A2020202020203C62706D6E64693A42504D4E456467652062706D6E456C656D656E743D22666C6F7731222069643D2242504D4E456467655F666C6F7731223E0A20202020202020203C6F6D6764693A776179706F696E7420783D223337372E302220793D2238352E30223E3C2F6F6D6764693A776179706F696E743E0A20202020202020203C6F6D6764693A776179706F696E7420783D223337372E302220793D223135302E30223E3C2F6F6D6764693A776179706F696E743E0A2020202020203C2F62706D6E64693A42504D4E456467653E0A2020202020203C62706D6E64693A42504D4E456467652062706D6E456C656D656E743D22666C6F7732222069643D2242504D4E456467655F666C6F7732223E0A20202020202020203C6F6D6764693A776179706F696E7420783D223337372E302220793D223230352E30223E3C2F6F6D6764693A776179706F696E743E0A20202020202020203C6F6D6764693A776179706F696E7420783D223337372E302220793D223236302E30223E3C2F6F6D6764693A776179706F696E743E0A2020202020203C2F62706D6E64693A42504D4E456467653E0A2020202020203C62706D6E64693A42504D4E456467652062706D6E456C656D656E743D22666C6F7733222069643D2242504D4E456467655F666C6F7733223E0A20202020202020203C6F6D6764693A776179706F696E7420783D223337372E302220793D223331352E30223E3C2F6F6D6764693A776179706F696E743E0A20202020202020203C6F6D6764693A776179706F696E7420783D223337372E302220793D223338302E30223E3C2F6F6D6764693A776179706F696E743E0A20202020202020203C62706D6E64693A42504D4E4C6162656C3E0A202020202020202020203C6F6D6764633A426F756E6473206865696768743D2231342E30222077696474683D2233362E302220783D223337372E302220793D223332382E30223E3C2F6F6D6764633A426F756E64733E0A20202020202020203C2F62706D6E64693A42504D4E4C6162656C3E0A2020202020203C2F62706D6E64693A42504D4E456467653E0A2020202020203C62706D6E64693A42504D4E456467652062706D6E456C656D656E743D22666C6F7734222069643D2242504D4E456467655F666C6F7734223E0A20202020202020203C6F6D6764693A776179706F696E7420783D223337372E302220793D223331352E30223E3C2F6F6D6764693A776179706F696E743E0A20202020202020203C6F6D6764693A776179706F696E7420783D223231322E302220793D223337302E30223E3C2F6F6D6764693A776179706F696E743E0A20202020202020203C62706D6E64693A42504D4E4C6162656C3E0A202020202020202020203C6F6D6764633A426F756E6473206865696768743D2231342E30222077696474683D2239362E302220783D223235322E302220793D223332392E30223E3C2F6F6D6764633A426F756E64733E0A20202020202020203C2F62706D6E64693A42504D4E4C6162656C3E0A2020202020203C2F62706D6E64693A42504D4E456467653E0A2020202020203C62706D6E64693A42504D4E456467652062706D6E456C656D656E743D22666C6F7735222069643D2242504D4E456467655F666C6F7735223E0A20202020202020203C6F6D6764693A776179706F696E7420783D223236352E302220793D223339372E30223E3C2F6F6D6764693A776179706F696E743E0A20202020202020203C6F6D6764693A776179706F696E7420783D223336302E302220793D223339372E30223E3C2F6F6D6764693A776179706F696E743E0A2020202020203C2F62706D6E64693A42504D4E456467653E0A2020202020203C62706D6E64693A42504D4E456467652062706D6E456C656D656E743D22666C6F7736222069643D2242504D4E456467655F666C6F7736223E0A20202020202020203C6F6D6764693A776179706F696E7420783D223337372E302220793D223331352E30223E3C2F6F6D6764693A776179706F696E743E0A20202020202020203C6F6D6764693A776179706F696E7420783D223536322E302220793D223337302E30223E3C2F6F6D6764693A776179706F696E743E0A20202020202020203C62706D6E64693A42504D4E4C6162656C3E0A202020202020202020203C6F6D6764633A426F756E6473206865696768743D2231342E30222077696474683D2237322E302220783D223432392E302220793D223332392E30223E3C2F6F6D6764633A426F756E64733E0A20202020202020203C2F62706D6E64693A42504D4E4C6162656C3E0A2020202020203C2F62706D6E64693A42504D4E456467653E0A2020202020203C62706D6E64693A42504D4E456467652062706D6E456C656D656E743D22666C6F7737222069643D2242504D4E456467655F666C6F7737223E0A20202020202020203C6F6D6764693A776179706F696E7420783D223531302E302220793D223339372E30223E3C2F6F6D6764693A776179706F696E743E0A20202020202020203C6F6D6764693A776179706F696E7420783D223339352E302220793D223339372E30223E3C2F6F6D6764693A776179706F696E743E0A20202020202020203C62706D6E64693A42504D4E4C6162656C3E0A202020202020202020203C6F6D6764633A426F756E6473206865696768743D2231342E30222077696474683D2233362E302220783D223432312E302220793D223338302E30223E3C2F6F6D6764633A426F756E64733E0A20202020202020203C2F62706D6E64693A42504D4E4C6162656C3E0A2020202020203C2F62706D6E64693A42504D4E456467653E0A2020202020203C62706D6E64693A42504D4E456467652062706D6E456C656D656E743D22666C6F7738222069643D2242504D4E456467655F666C6F7738223E0A20202020202020203C6F6D6764693A776179706F696E7420783D223536322E302220793D223432352E30223E3C2F6F6D6764693A776179706F696E743E0A20202020202020203C6F6D6764693A776179706F696E7420783D223536322E302220793D223437332E30223E3C2F6F6D6764693A776179706F696E743E0A20202020202020203C6F6D6764693A776179706F696E7420783D223337382E302220793D223437332E30223E3C2F6F6D6764693A776179706F696E743E0A20202020202020203C6F6D6764693A776179706F696E7420783D223231322E302220793D223437332E30223E3C2F6F6D6764693A776179706F696E743E0A20202020202020203C6F6D6764693A776179706F696E7420783D223231322E302220793D223432352E30223E3C2F6F6D6764693A776179706F696E743E0A20202020202020203C62706D6E64693A42504D4E4C6162656C3E0A202020202020202020203C6F6D6764633A426F756E6473206865696768743D2231342E30222077696474683D2232342E302220783D223337372E302220793D223435392E30223E3C2F6F6D6764633A426F756E64733E0A20202020202020203C2F62706D6E64693A42504D4E4C6162656C3E0A2020202020203C2F62706D6E64693A42504D4E456467653E0A2020202020203C62706D6E64693A42504D4E456467652062706D6E456C656D656E743D22666C6F7739222069643D2242504D4E456467655F666C6F7739223E0A20202020202020203C6F6D6764693A776179706F696E7420783D223332352E302220793D223238372E30223E3C2F6F6D6764693A776179706F696E743E0A20202020202020203C6F6D6764693A776179706F696E7420783D223236382E302220793D223238342E30223E3C2F6F6D6764693A776179706F696E743E0A20202020202020203C6F6D6764693A776179706F696E7420783D223236382E302220793D223137372E30223E3C2F6F6D6764693A776179706F696E743E0A20202020202020203C6F6D6764693A776179706F696E7420783D223332352E302220793D223137372E30223E3C2F6F6D6764693A776179706F696E743E0A20202020202020203C62706D6E64693A42504D4E4C6162656C3E0A202020202020202020203C6F6D6764633A426F756E6473206865696768743D2231342E30222077696474683D2232342E302220783D223237382E302220793D223232312E30223E3C2F6F6D6764633A426F756E64733E0A20202020202020203C2F62706D6E64693A42504D4E4C6162656C3E0A2020202020203C2F62706D6E64693A42504D4E456467653E0A2020202020203C62706D6E64693A42504D4E456467652062706D6E456C656D656E743D22666C6F773130222069643D2242504D4E456467655F666C6F773130223E0A20202020202020203C6F6D6764693A776179706F696E7420783D223536322E302220793D223337302E30223E3C2F6F6D6764693A776179706F696E743E0A20202020202020203C6F6D6764693A776179706F696E7420783D223536322E302220793D223137372E30223E3C2F6F6D6764693A776179706F696E743E0A20202020202020203C6F6D6764693A776179706F696E7420783D223433302E302220793D223137372E30223E3C2F6F6D6764693A776179706F696E743E0A20202020202020203C62706D6E64693A42504D4E4C6162656C3E0A202020202020202020203C6F6D6764633A426F756E6473206865696768743D2231342E30222077696474683D2232342E302220783D223533302E302220793D223234362E30223E3C2F6F6D6764633A426F756E64733E0A20202020202020203C2F62706D6E64693A42504D4E4C6162656C3E0A2020202020203C2F62706D6E64693A42504D4E456467653E0A202020203C2F62706D6E64693A42504D4E506C616E653E0A20203C2F62706D6E64693A42504D4E4469616772616D3E0A3C2F646566696E6974696F6E733E, 0);
INSERT INTO `act_ge_bytearray` VALUES ('3', 1, 'baoxiaoprocess.png', '1', 0x89504E470D0A1A0A0000000D4948445200000307000001DF08020000008AC833730000395649444154789CEDDD7F8C1CF57DF8FF13C1784DB158DA141F15B137E9A75F5649B057258A4FF9235E13C5DE4A6D58A9086FD157CE4A2860444BFCA95072B482AB1ADC53951F479B22A725F4D48A76ABE860A500D9069B6E892157DBD8671CC362ECB0C4982C18C3BA3EDBE3FBE19BCF7B77603C9E9D9D1FB7B3FB9E9D793EF4D6696F7666F63DF37ECD6B5E3BB37B37A002000040550764770000002010A88A0000001AA88A0000001AA88A0000001AA88A0000001AA88A0000001AA88A0000001AA88A0000001AA88A0000001AA88A0000001AA88A0000001AA88A0000001AA88A0000001AA88A0000001AA88A0000001AA88A0000001AA88A0000001AA88A0000001AA88A0000001AA88A0000001AA88A0000001AA88A0000001AA88A0000001AA88A0000001AA88A0000001AA88A0000001AA88A0000001AA88A0000001AA88A0000001AA88A0000001AA88A0000001AA88A0000001AA88A0000001AA88A0000001AA88A0000001AA88A0000001AA88A0000001AA88A0000001AA88A0000001AA88A0000001AA88A0000001AA88A0000001AA88A0000001AA88A0000001AA88A0000001AA88A0000001AA88A0000001AA88A0000001AA88A0000001AA88A007485A228C562716464249BCDA63F92C964C49442A150AFD765771000CCA88A00F84C1443A2FA89C562A21E1235D0C4C4133B763EA7B5A79E7EE681071ECCE572F1787C6868687C7C5C766701E022AA2200BE999A9A4AA7D3A21812D5CFECDCBC7DDBF5C28B9B377F35954A95CB65D91D078006AA2200FE181D1D1525CE8E9DCF39D643C6B6F7A57DEBD6ADDBB2658BA228B2B70040D4511501E894286872B9DCF0F0B0A77AC8D8FEE19147D2E974AD5693BD2900228DAA0840474449343434542814165D12E937D4C47AAAD5AAEC0D02105D5445003A92CBE53A2F89F4BB69A230E2561A0059A88A002CDEE8E8682737CE5ADBC4C413D96C56F666018828AA22008B343535954AA57C2C89B476E79D776DDFBE5DF6C6018822AA22008B244AA2BD2FEDF3BD2A3AF6D6F155AB12DC4703D07B54450016A3582C66B359DF4B22ADDD7BEFD7C7C6C6646F2280C8A12A02B018E974DAEB9F26F274B968707050F62602881CAA22009ED5EBF5783CDEA592486B6BD7AE9D9C9C94BDA100A285AA088067E3E3E3F97CBEAB55D143DBB60D0F0FCBDE5000D1425504C0B32D5BB66CDFBEBDAB55D18E9DCFA5D369D91B0A205AA88A007896C964DCFCFFD74EDA91A34757AD4AC8DE5000D1425504C0B32E7D27DFD84E4F9F89C562B2371440B4501501F06C7070F0D85BC7BB5A15893630408202D053241D009E2593C95F1C3A4455042064483A003CEBEA1F2BE273450064A12A02E0593E9FFFE1638F75B52ADAF5C28B6BD7AE95BDA100A285AA088067636363F7DEFBF5AE5645A2EADABCF9ABB2371440B4501501F0AC5AAD261289AE56451B376E2C954AB2371440B4501501588CAE7EE0FAF4F499783CAE288AECAD04102D54450016A3AB37D1BEF3DDEF8A95CBDE44009143550460311445492412DDF8AB45A7A7CFAC5A95A8D56AB2371140E450150158A442A170DBA64D5C2802101A54450016EF2BB7DC3231F1848F25D12F0E1D5AB366CDE9E933B2B70C401451150158BC7ABDBE76ED5ABF3E767DE2BD93A2243A72F4A8ECCD0210515445003A52A9544461244A99CE4BA2AFDC72CB534F3F237B830044175511804E4D4D4DAD59B366D70B2F7672E34C9456944400E4A22A02E0837ABDBE6EDDBA071E78F0C47B273DD543A7A7CF7CE7BBDFD56EC3C9DE080051475504C01F8AA288AAE8861B92A2CA11B58E9B92E8878F3D26E6BFF7DEAF8B5A4A76F70180AA0880AF6AB5DAD6AD5BE3F1F8576EB945143D7B5FDA67AA84C494C71FFFB7DB366D12F36CDEFCD56AB52ABBCB00F021AA2200FE5314A5582CE6F3F9356BD60C5C4A4C112551A150A8D7EBB2BB090097A02A02D00BA24292DD050070405504A0170606C83600828E3C05A017A88A00041F790A402F501501083EF214805EA02A02107CE42900BD40550420F8C853007A81AA0840F091A700F402551180E0234F01E805AA2200C1479E02D00B544500828F3C05A017A88A00041F790A402F501501083EF214805EA02A02107CE42900BD40550420F8C853007A81AA0840F091A700F402551180E0234F01E805AA2200C1479E02D00B544500828F3C05A017A88A00041F790A402F501501083EF214805EA02A02107CE42900BD40550420F8C853007A81AA0840F091A700F402551180E0234F01E805AA2200C1479E02D00B544500828F3C05A017A88A00041F790A402F501501083EF214805EA02A02107CE42900BD40550420F8C853007A81AA0840F091A700F402551180E0234F01E805AA2200C1479E02D00B544500828F3C05A017A88A00041F790A402F501501083EF214805EA02A02107CE42900BD40550420F8C853007A81AA0840F091A700F402551180E0234F01E805AA2200C1479E02D00B544500828F3C05A017A88A00041F790A402F501501083EF214805EA02A02107CE42900BD40550420F8C853007A81AA0840F091A700F402551180E0234F01E805AA2200C1479E02D00B544500828F3C05A017A88A00041F790A402F501501083EF214805EA02A02107CE42900BD40550420F8C853007A81AA0840F091A700F402551180E0234F01E89642A1208AA1582C964AA5C483C1C141F1F3CA2BAFAC542AB2BB060016A88A0074CB934F3E39D062FDFAF5C5625176D700C0025511806E511465E9D2A5C69268F5EAD5838383F57A5D76D700C0025511802EBAFFFEFB2FBFFC72BD2ABAFBEEBB87878765770A00AC511501E8AE152B566825D1A64D9B128984A228B27B0400D6A88A0074D7F3CF3FBF64C91251156532193E510420C8A88A0074DDCD37DFAC5545B23B020076A88A00745DAD561355115FC80710705445007A81BFE20820F8C8534098298A52281472B95C3A9D4E2412AD7F3D2822C4B68B3D90CD66C7C7C7F9BB0000DAA12A0242AB542A896A4094448F3FFEF88E9D3B8F1C3D3A3B3717CD26B65DEC81898989CD9B378B7D226A23D983032088A88A8010AAD7EBF97C7EE3C68DC7DE3A363B374B33B613EF9D10B591D839B55A4DF640010816AA22206C4449944AA57EF8D8A3B37333B476EDA9A79F5ABB766DB55A953D5C000284AA08089B7C3EDF2C89CED3ECDB8E9DCFAE5BF745D9C3052040A88A805029954A1B376E989B57686EDA37BE79DFB66DDF923D68008282AA08080F45511289C45BC7AB73F3E7686EDAF4990FD6AC59CD1F5202A0A12A02C2637C7C3C9FCFCFCD9FD5DBFACC1FBAFCEEBA71A948B56DDBFE9A7F580B404355048447369B9D78E23F2E96441B36FE5A55DFBCA0BE3EA7BE32A31E9851F74ECF8F3DF1DC4F8F9FDA3DABFE8FA2EE56D45D67D567CFAB7FB7EBE09D5BEE925EA048692FED9B4CA552B2870E4020501501E1914C260F1DDA3F377F466B030303D3AA7A66413D35AFBE3FAB9E55D53FFF8B07072EBB6A6843F6F89C7A6C463D765EAD2AEA9179F5473F3FD0BC5C7426826DFACCC9582C267BE80004025511101EF178FCBD93C7E7E6A7B5260A9DB317D4990B8DA7E6171A3F7FFCCC7FFECEEF7EF62F1FFACEBCAA9E9E574FCDA9EFCFA975557D76CFCBCDAA683A9A6D80FF4602A0895C008447B3B239AD37F1EB9979F5E43975F6C28733D4EBF5EF7DFF07DFFAF6F78FBDDDF80386730BEA6CB35A7AF1A503A66523D5A88A0068C8054078342B9BFFD55BA32ABAA09E38ABBE33ADCEA9EAECCC4CF2861B06063E363010BBF54F361B17DCBB6FBF69D94835AA22001A7201101ECDCAE694DEB43B6827CFA96F9F56DF3DAFEE3DF4CB152B567CECF22B965DFDF1DCED9754457B5EDA675A36528DAA0880865C008447B3B2A9EB4DFC7A6E417D5F695C2B3A715EDDB9A772E39A9B3EFEDBD75E1DBFE607FFF2A3F3AA3A3DA39E9D692CB86B728F69D94835AA22001A7201101EE2EC3E3FFF81DEB493BD288C4ECDA91FCCAA6F9F9E7BF16075CDEF7F6EFD97FFE0DD19F51D457D57514FCEA8A22EDAB57B8F69D94835AA22001A7201101EA6CA26BD7EDDCBAFBEBEF7606572AAF2C2BECA0BFB0FBFF8F2D1FFDAFDCACF0FBEF1FCBEC33FDBF7DA0BFB5F9B3C70F8E0EBBF7AE41F1FBB6DD36DD2AB13AA220072910B80F0685645EF1BDB3DF7DCE5E60F5BFFF1ADB79A168C54A32A02A0211700E1D1AC8A4ED2BC36AA22001A7201101E8DAAE8C27B34AF8DAA0880865C008447B32A3A41F3DAA88A0068C805407834ABA277695E1B5511000DB900088F6655F40ECD6BA32A02A02117007DA6502854AB55CBA79A55518DE6B5B5AB8A6C76358050A22A02FAC9E1C387B5EFD22F5FBE7C6262C2F42C55912F5551BD5EBFFDF6DBB5FD7CDD75D7511801D1415504F41345512EBBEC32ED84BD64C992CF7CE633C67376B32AFAB5D766F9178C16B11EE30ADD4C6CF72A8EAFEE7E55EE3BACEFC3EDDBB7C762316D278807838383B55A4DC248039081AA08E833E23C6D2C5F962D5B76C71D77886A496D5645172EBCEDB5B52E659A62F3E71F5DAED038DD7155FAE376F3E88F8D53EC5FDA710F88BD57A9543EF5A94F195F6E6868289148C81E7000BD4355042C9EA845CAE5F2C8C848FA23E2246A5343F4C0850BC7BD364FEB69F7D422BA64B32ACB19B45F6D262E6EF3B505C5D8F9380A3011C7857E8C88E3A5542AD5EB75D9872F6081AA08580C510C65B3D9582CA665F9F2477AF01994ABAFBE5A3FD9649B441F2A958AFAE1B5A2B7BADADABD84717ABBC7C68926ADD35B97B5D9BA0E377CA079AD488CDD97BEF4A54F7CE2137A1F962F5F9E4AA5BA3DA05120F6AD7E8C88E32593C9C4E37111B7C5625176D7804B501501DED46A35ED2DAF94842EDE616B27EC6432F9B5AF7D4DFC2C140AFAB3CDE2E098A766F3FEBEDDFC8ED32D1FB7AED3715596CB1ABBE7BEDB8E3B41DF87A55269D5AA55D75F7FBDB6B6A54B976A7727E13BEDAD85A83BB59A1E0802AA22C00371CA148588C8E6B23AF0E69B6FC66231F1563B91480C0F0F9B6E43346B825F796AED1659C4F4F6D5D525CBBA9CCD4D1F5A6758C41ED09632EE4651068D8C8CAC5CB9529CB0C5CFA9A9A9DE0E72B488DD2BF6B3B1B80724A22A02DC2A168BE9745AFAE7214437C6C7C72D6FD5755815B57BECB55A727C6C5A49EBAFEDEAA7D6F5D854578BAE8A34620F8BFDCC2D9E1E1065682E97137B5B764700AA22C01D718E14EF68A59744F69A35C19B9E9A7191768FDBCDEF753DFA63AB52E692E9C6F95B7FD5E769EDCC22F680B694ECA18B3A511889B71C939393B23B82A8231700AE0C0D0D053F65376A8285AAA7665CA4DDE376F39BA6B7D3BAAC6925ED7ED51E187FB6CE60F3729E7682ECA143E38D473299E4535C908B5C00382B168BD96C56762F9C356B823716D7B4653F2A2C1C66B39FEEF8D8AA94B15855EB03FBE936DD73DC76D9438786AD5BB78E8D8DC9EE05228D5C0038CB6432A55249762F9C356B825F7A6D1FD52576538C4FB959A1FD0BB5BE9CE5AFC6998DF3B45B8FCBEE59764CF6D0A1A152A9249349D9BD40A4910B0007B55A6D707050762F5C69D60447DDB78FCA8BB6CFEAF3D8DE20B35ED066BA7106D34A8CBFB63E65B31EC7CDB1DF0FB2870E1FEA8B5BD508317201E0A05F6E9FA91F564547685E1B55517070130D72910B00077D94A69B55D1EB34AF8DAA2838FAE84D0842895C003848A7D312FF6CA32754455445FD8E8F16412E7201E0A08F3EE820CEEE0B0B87695E1B55517054ABD5442221BB17882E7201E040E4E81EFCCF575F34ABA2D7685E1B5551A0301C9088E0031CC4E3F180FF496B5DB32AAAD0BC364EC381C2704022820F70D04739BA5915BD4AF3DAFA6888A380E18044041FE0A08F72742C163B776EFFC2C22B344FAD8F86380A180E4844F0010EFA284727128937DEF8E9C2C2219AA7D647431C050C072422F800077D94A33399CC4F4ADB17D45FD0DCB7572B3FE6ABE081D247471CC287E0031CF4518E1E1D1D1D1EBE437A9DD15FED9FC71FCAE7F3B2870E17F5D11187F021F800077D94A3ABD56A32F9C973CADE05F520CD65CB666F2E168BB2870E17F5D11187F021F80007FD95A3471AB62CA82FD3DCB47F2FFC6D2E97913D68B8447F1D710819820F70D05F395A519474FA739393FFAAAA0768F6AD56DB994C7EB25EDF257BD07089FE3AE21032041FE0A0EF7274A55249A56EA8548AAA3A456BD7444924CAC772F951D9C305B3BE3BE21026041FE0A01F73F4E4E4A4288C4647FF4C55F7D35A5BB1F8DD6432512EFF93EC8182857E3CE2101A041FE0A04F73B4A228C3C3F974FAA6F1F1BFAAD59E55D57DB47AFDBF0B85BFC9E53666B369F158F610C15A9F1E710807820F70D0D739BA5C2EE7F37F3438F85B03181888C797E7721B4461247B586067A09F8F38F43B820F70408EF6057F13082E71C44122820F70408EF605BB112E112A9088E0031C90A37DC16E844B840A2422F80007E4685FB01BE112A10289083EC00139DA17EC46B844A84022820F70408EF605BB112E112A9088E0031C90A37DC16E844B840A2422F80007E4685FB01BE112A10289083EC00139DA17EC46B844A84022820F70408EF605BB112E112A9088E0031C90A37DC16E844B840A2422F80007E4685FB01BE112A10289083EC00139DA17EC46B844A84022820F70408EF605BB112E112A9088E0031C90A37DC16E844B840A2422F80007E4685FB01BE112A10289083EC081A71C6D9C99E46EC4DE804B840A2422F8000736397AC0C034BF698A8DAE763E38A2B3A5E810A10289083EC0819B1C6D9AC7FE57AF2B0F87E86C293A44A84022820F70609FA32DAF0C594E59C4CAC3243A5B8A0E112A9088E0031C78AA8A2C8B21E303D38DB3E89C00A2B3A5E810A10289083EC081D76B45366BB079107AD1D9527488508144041FE0C0B1E2315EFE71BC56D4EE41E845674BD121420512117C80039739DA6555C41D34C01EA10289083EC081638EB6FC68119FB63689CE96A243840A2422F80007F6358DFDE7ACDDACA1E30EF687E86C293A44A84022820F70E0E90E9ADAE65A918D6EF43980A2B3A5E810A10289083EC0819B3B687A2564FFB9A245AC3C34A2B3A5E810A10289083EC00139DA17EC46B844A84022820F70408EF605BB112E112A9088E0031C90A37DC16E844B840A2422F80007E4685FB01BE112A10289083EC00139DA17EC46B844A84022820F70408EF605BB112E112A9088E0031C90A37DC16E844B840A2422F80007E4685FB01BE112A10289083EC00139DA17EC46B844A84022820F70408EF605BB112E112A9088E0031C90A37DC16E844B840A2422F80007E4685FB01BE112A10289083EC00139DA17EC46B844A84022820F70408EF605BB31C48C83DBF940132A9088E0031C90A37DC16E0C8D0103E344B5A53CB261BFFEEE751EB047F0010EC8D1BE6037868F694CED7F75F994E3B34057117C800372B42FD88D61627965C8728ACDE28B7B16E82A820F70408EF605BB314C4C35906531647C60BA71465584C022F80007E4E8452B140A62EFC562B1542A251E0C0E0E8A9F575E7965A55291DD3574A4F5CA50BB79EC1FD82F08F41EC1073820472FDA934F3ED9FA31DBF5EBD7178B45D95D43474C977F1CAF15B57BD06EE5BE77187089E0031C90A3174D5194A54B971ACFA0AB57AF1E1C1CACD7EBB2BB067FB8AC8AB883867E41F0010EC8D19DB8FFFEFB2FBFFC72FDA478F7DD770F0F0FCBEE147C60F9D1223E6D8D7E47F0010EC8D11D5AB1628556126DDAB4299148288A22BB47E848BBAB3EA62385AA08FD88E0031C90A33BF4FCF3CF2F59B244ECC64C26C3278A42C6FE5A910D37EB047A8FE0031C90A33B77F3CD376B5591EC8EC037C68F5ADB7FAEC87259FB35FBD447C033820F70408EEE5CAD5613BB912FE4C30D8E384844F0010EC8D1BE6037C225420512117C8083BECED18AA2140A855C2E974EA7138984FD473D424C6CBBD803D96C767C7C9CBF0B107003FD7CC4A1DF117C8083FECDD1A552495403A2247AFCF1C777ECDC79E4E8D1D9B9B96836B1ED620F4C4C4C6CDEBC59EC13511BC91E1CB4D5BF471C4280E0031CF4638EAED7EBF97C7EE3C68DC7DE3A363B374B33B613EF9D10B591D839B55A4DF640C1423F1E71080D820F70D077395A9444A954EA878F3D3A3B37436BD79E7AFAA9B56BD756AB55D9C305B3BE3BE21026041FE0A0EF72743E9F6F9644E769F66DC7CE67D7ADFBA2ECE18259DF1D710813820F70D05F39BA542A6DDCB8616E5EA1B969DFF8E67DDBB67D4BF6A0E112FD75C42164083EC0411FE56845511289C45BC7AB73F3E7686EDAF4990FD6AC59CD1F520A943E3AE2103E041FE0A08F72F4F8F8783E9F9F9B3FABB7F5993F74F9DD75E352916ADBB6FD35FFB03650FAE88843F8107C80833ECAD1D96C76E289FFB858126DD8F86B557DF382FAFA9CFACA8C7A6046DD3B3D3FF6C4733F3D7E6AF7ACFA3F8ABA5B51779D559F3DAFFEDDAE83776EB94B7A8122A5BDB46F32954AC91E3A5CD447471CC287E0031CC462B17EF937EFC964F2D0A1FD73F367B426CE2ED3AA7A66413D35AFBE3FAB9E55D53FFF8B07072EBB6A6843F6F89C7A6C463D765EAD2AEA9179F5473F3FD0BC5C7426826DFACC4931C4B2870E1751154122820F70904824FAE5FBDBF178FCBD93C7E7E6A7B526CE2E672FA833171A4FCD2F347EFEF899FFFC9DDFFDEC5F3EF49D79553D3DAF9E9A53DF9F53EBAAFAEC9E979B55D174341BA7E14061382011C1073848A552535353B27BE14AB3B239AD37F1EB9979F5E43975F6C28733D4EBF5EF7DFF07DFFAF6F78FBDDDF80386730BEA6CB35A7AF1A503A66523D5380D070AC30189083EC0413A9D2E97CBB27BE14AB3B2F95FBD35AAA20BEA89B3EA3BD3EA9CAACECECC246FB86160E0630303B15BFF64B371C1BDFBF69B968D54E3341C280C072422F80007F97CBE5FFE6D56B3B239A537ED0EDAC973EADBA7D577CFAB7B0FFD72C58A151FBBFC8A65577F3C77FB2555D19E97F699968D54E3341C280C072422F80007DAD7DD65F7C295666553D79BF8F5DC82FABED2B85674E2BCBA734FE5C635377DFCB7AFBD3A7ECD0FFEE547E755757A463D3BD35870D7E41ED3B2916A9C860385E18044041FE0606A6AAA5FBEB92D4E27F3F31FE84D3BBB88C2E8D49CFAC1ACFAF6E9B9170F56D7FCFEE7D67FF90FDE9D51DF51D47715F5E48C2AEAA25DBBF798968D54E3341C280C072422F800678383837DF1FFD54D954D7AFDBA975F7D7DEFC1CAE454E5857D9517F61F7EF1E5A3FFB5FB959F1F7CE3F97D877FB6EFB517F6BF3679E0F0C1D77FF5C83F3E76DBA6DBA45727544550A98A2015C107381B1B1BDBBA75ABEC5E386B5645EF1BDB3DF7DCE5E60F5BFFF1ADB79A168C54E3341C280C072422F800678AA2C4E3F1E0FF2DC766557492E6B5711A0E14860312117C802B7DF199EB465574E13D9AD7C6693850180E4844F0016E05FF2BFACDAAE804CD6BE3341C280C072422F800B7EAF57A3A9D0E7261D4AC8ADEA5796D9C860385E18044041FE081A228F97C7EEBD6ADA24292DD170BCDAAE81D9AD7C6693850180E4844F0019E8D8D8D251289919191A07D5DBF5915D5685E1BA7E14061382011C1072C46BD5E1755D1E0E0602A951A1D1D2D97CBD56A5576A7A88AA88AC280E18044041FD091A9A9A9E1E1E1743A9D48244436173FD306D96C76E452E54BF97B27AE5915FD7A11CD7E41FD59CBBF75E47225A615DAACC77185C6FE787DE9762BF47114D021860312117C809FAAD5AAB1E829168BA6AA287DA9783C6EAC0C3A2CAAC41A2E5C78DB53339526A629C6D9DA2DDEFAB8759DC689A6398D0F2CAB25CB55B57BB0B8C6693850180E4844F001E1D12C0E8E77D8F495B8599BFDCCA689AD339B1ED8BFA2E3E22EFB6CB966D943878B180E4844F001E1D1AC09DEF2D48C8B688FF529AD0FDA2D6E3967EB52C6D9ACAE03D9F5CD38519FDF5357ED7782ECA1C3450C072422F880F068D604C7BC366D297D59D3AFA6C7ED96FDA852B15EA7693DF60FDADF3EB3588FF1D9C56DBEB6A0ECA1C3450C072422F880F0689605BF72DFDAD71FBF32AECA66B596B3B59BD8BA729B076E1E9B56EE69DB4D5B217BE87011C30189083E203C3AA90CEC6B8E4E666E57C4B4966236859AA92A6A575D51158500C30189083E203C9AC5C19B9E5A4BE5F1A6BE92D607968B9B5662B9CE76EBB19F62F9D8B84E373D74B913640F1D2E62382011C1078447A33858A87A6AC645B4C7FA94D607F68B3B3E655CA1C5A5A0F64F1967F0DA43973B41F6D0E122860312117C4078348B83373C35E322DA63431562318FFDE2F64B996668378FFBC7C60E3B76D57E27C81E3A5CC4704022820F088F664DF04B4FADE57ACC2F5B5762B35A7D11C7A5DCCCE3F2597D7A6B9F17B107B4A5640F1D2E62382011C1078447B32638EAA91917D11EB7AEC472B58642CA7AFAA5C596C30CED5EA2DDEB5A76BEDD7ADCEC04D943878B180E4844F001E1D1AC098ED0BC364EC381C2704022820F088F6655F43ACD6BE3341C280C072422F880F0A02AA22A0A01860312117C407888D3C9C2C2619AD7C6693850180E4844F001E1D1AC8A5EA3796D9C860385E18044041F101ECDAAA842F3DA380D070AC30189083E203C9A55D1AB34AF8DD370A0301C9088E003C223168B9D3BB77F61E1159AA7C6693850180E4844F001E1914824DE78E3A70B0B87689E1AA7E14061382011C10784472693F94969FB82FA0B9AFBF66AE5C7C96452F6D0E122AA224844F001E1313A3A3A3C7C87F43AA3BFDA3F8F3F94CFE7650F1D2EA22A8244041F101ED56A3599FCE43965EF827A90E6B265B337178B45D943878BA88A2011C10784CA48C39605F5659A9BF6EF85BFCDE532B2070D97A02A8244041F102A8AA2A4D39F9B9CFC57553D40B36FB5DACE64F293F5FA2ED983864B50154122820F089B4AA5924ADD50A91455758AD6AE899248948FE5F2A3B2870B6654459088E00342687272521446A3A37FA6AAFB69ADAD58FC6E32992897FF49F640C10255112422F8807052146578389F4EDF343EFE57B5DAB3AABA8F56AFFF77A1F037B9DCC66C362D1ECB1E2258A32A8244041F1066E572399FFFA3C1C1DF1AC0C0403CBE3C97DB200A23D9C3023B0354459087E003A2A252A9487CF540FD4D20D119BE8D1F5854459088E0032261747434954A49EC40A04E75D56A359BCD663219B995222C052A541035041F1072E2C43F3434343C3CAC288AC46E04F054572A9544A5287DCFC02480A182E820F88030D32E114D4E4ECAEE48404F75A21E12BB28914870432D3882192A8808820F08A7805C22D205F95457ABD5B8A1161C410E15841EC1078450702E11E9827FAAE3865A40043F541062041F102A41BB44A4EB8B531D37D482A02F42056145F001E111C04B44BA3E3AD56937D4D2E93437D4A4E8A35041F8107C401804F61291AEEF4E75E57239994C8A5D5AAFD765F7255AFA2E541026041FD0F7827C8948D7A7A73AB16F456D54281464772442FA3454100E041FD0C7827F8948D7BFA7BA5AAD96CBE5B8A1D633FD1B2A0801820FE8577D718948D7EFA73A6EA8F54CBF870AFA1AC107F49F3EBA44A40BC7A98E1B6A3D108E50419F22F8803ED35F978874A139D57143ADDB42132AE847041FD037C4F93893C9F4D725225DC84E75DA0DB5AD5BB77243CD77210B15F417820FF2D92741FDD9814BB95FCF407BED966DB77EC7F574CFF8F8B8380D974AA51EBC563774692FC93D838E8D8D89411143D3BD9708C2D1D16354459088E083645A066CCD83ED72B44DC674934CDD9C1B5A5F7D71AFE517ED12513E9FEFEBCB1236675FD3F876324FEFB74B8C8E189AA1A1A1A9A929DF573E108CA3A3C702D20D4413C10799069CAED698D2BD7DBA5C74DE6FF72A8B38C7FCE44EFD3C75E74F2E9DF4D1EFEEA67CA4DF2F11E92C4FED6E666BF7944DF0F4DEE4E4642A95F2F7865A408E0EB50B51BDB86E003D40F0411AC7D3A4E9ADB0E35501BFDE0D7730CF9187BFF085878F18A7883343738A78E6C3B3839B290DE1B844A4F35415595E0B69F7946360F48C8F37D4827474F819D56E50154122820F12D8A4F2D607AAD55B61CBC7AD0F2C5FDAA64BEECFB2D6D35B4F00174F281F3D72332544978874AD277537B3B57BCAB16890A5F31B6A7E1D1D3621EDAD72F22FAADDEF010F7303BE22F8209FFD89D032FBDB5745A689BE9C1B5CADA7F1F6F80B5FD07ED7DF301BEE39341E3A4DF9FFFF2D54978874A6D1691D47E36C96BBB7750D8E43298B8F37D43A3C3AECD7D3B3A8F674B128504389A821F8205FBB246893F1076C2B2137EB344D743E37B8EBB37AE488F6AE58BC41767BB6304CF9BFE981F8274275894867399A6ACB9EB43CAF5B5645EDD61F1C636363894462FBF6ED9DACA493A3C334B3E32EEA52545315A18F107C90C3B104693D2F7AAA8A5A7FB599D8AE878B7E56D56F1BB8BED7F0F3C6A788BEF8F96BAF1DDD17AA4B443A4FE5AC9BAAC84DF12A5DBD5EDFB265CBD0D090A7BFBAE9D7D1619CC172BAE56C36BC463577D0D077083EC867F36ED87832707C4FBCE8AAC8E624D4EE746BDD67C39BE20FDF55BBFB5C6A7AE0FFACF854B2F4D85D5E3F97DA474C7BB2DD60E923DB3A041E0622604449240A23511E2DE286DAA28F0ECB35D8EF2E7FA39A4F5BA31F117C90A6F58DAFFD99D2721ECBF9DDBCA8E3538B397F18BEC37CF1DDB1ED37963FFCA2D997FF3FF33CA1E372F7BA1920D3B9BF5DFC04CDF6EDDBDDDF50F3F1E8E8B42AF21ED56DA7B813F07144B8117C90C9E60DAEDAF26ED8664EE3B36E5ED1CDB38B3B7F7812BE2F9AD9E85E55643331683CDD50F3E5E8B05CD0FE15A50B4837104D041F241870A2CF667C6053B29816B47F51F7DDEB703D3642F6B788DCE8A42A32EE73531898C2A62F4EA8F637D4FC3A3A1C63D8F245FDD8BE4E05A41B8826820FE8B542A1109D4B443A4E75269E6EA8450AA10289083EA077EAF57A3E9FCFE572D1B944A4E354D74ABBA1964AA53C7D432DF408154844F0013D522A95BAFDFFD5838C535D3B535353434343A25CAED56AB2FB1208840A2422F880AED32E11653299289FF638D5D9D33E7A3F363626BB23F2112A9088E003BA2BE29788749CEA1C89EA79EBD6ADDC5023542011C107740B97888C38D5B9C40D35420512117C40577089C884539D2751BEA146A84022820FF01997882C71AAF34ABFA1562E9765F7A5A708154844F0017EE212513B9CEA16676A6A2A9D4EE772B9E814D9840A2422F8007F7089C81EA7BA4E687FF97374745476477A81508144041FE0032E1139E254D72151760F0F0F8B300BFD0D35420512117C4047B844E412A73A5F542A95D0DF5023542011C1072C1E9788DCE354E7A370DF5023542011C1072C069788BCE254E7AF10DF5023542011C10778363939C92522AF38D57543286FA8112A9088E0033C501445BC411F1A1A0AD349A83738D5754FA150482412A3A3A3223E65F7C507840A2422F800B726272753A954583FCCD16D9CEABA4AABD7457C964A25D97DE914A10289083EC0997E89A852A9C8EE4BBFE254D703223E33994C369BEDEB6B99840A2422F800075C22F205A7BA9E29168B7D7D438D508144041FD070DF7DF7B57E7A9A4B443EE254D74B7D7D438D508144041FA0DE73CF3D22112F5DBAD4F8DE9A4B44FEE254D77BED6EA8FDFDDFFFBD781B20AB578E08154844F021EA76EFDE3DD074E38D37168B45954B44DDC1A94E16ED86DAC8C88856F4D7EB753116D75C738D0872D95DB346A84022820F51B772E54AAD2AFA8DDFF88DCF7EF6B33B76ECE012513770AA9348D443A22A4A2693A552E97BDFFB9E16F0F1785C5448B2BB6681508144041F22EDE1871F1EB8D4B265CBF6ECD923BB5F21C4A94EBA6AB5FAF9CF7FFEB2CB2ED3DF066CD8B04176A72C102A9088E043748937CAB158CC54157DE10B5FC8E572B2BB16429CEAA4BBEFBEFB4CD17EDD75D77DFBDBDF96DD2F33420512117C88AE6C36BB6CD9B2D5AB57FFDEEFFDDE35D75C934C26138984A893F8571EDDC0A94EBAE1E161310A83838337DC70C3AA55ABAEB8E20A11F6D75F7FFDE4E4A4ECAE5D82508144041FA26B686848E4DFABAEBAEAA69B6E1A19192997CBD56A5576A7428B535D40882017A12E02FED65B6FFDCDDFFC4D312E9FFEF4A76577EA12840A2422F810517CD1ACC738D50553A9544A2693A24892DD918B08154844F0458EA8060A85422E974BA7D389446220AAC4B68B3D90CD66C7C7C783F94D9C9019E054176C64060D9921E2C853D122DE178A635E24BEC71F7F7CC7CE9D478E1E9D9D9B8B6613DB2EF6C0C4C4C4E6CD9BC53EE1B344DD20CEB2E234138BC552A9D440F3132DE2E795575EC9F5B9A021339019A0A12A8A0AF1A6279FCF6FDCB8F1D85BC766E76669C676E2BD1322038A9DD3D7FF5333809E7CF2C9D6F7E2EBD7AFD7FE5A268280CC4066801155512488C427DEACFFF0B14767E76668EDDA534F3FB576ED5A3E70ED234551962E5D6A2C8956AF5E3D3838C88D8980203390196042551409E2BD6033F19DA7D9B71D3B9F5DB7EE8BB2872B54EEBFFFFECB2FBF5CAF8AEEBEFBEEC0FEA3890822339019604255147EA55269E3C60D73F30ACD4DFBC637EFDBB6ED5BB2072D5456AC58A195449B366D4A2412C67FC10B89C80C6406B4A22A0A39710612E7A1B78E57E7E6CFD1DCB4E9331FAC59B39A8F03FBE8F9E79F5FB26489A88A32990C9F280A083203990196A88A426E7C7C3C9FCFCFCD9FD5DBFACC1FBAFC86AA71A948B56DDBFE9ABB3CFEBAF9E69BB5AA487647F0213203990196A88A422E9BCD4E3CF11F1713DF868DBF56D5372FA8AFCFA9AFCCA80766D4BDD3F3634F3CF7D3E3A776CFAAFFA3A8BB1575D759F5D9F3EADFED3A78E796BBA4A72129EDA57D93A9544AF6D0854AAD56136753DE6707079981CC004B544521974C260F1DDA3F377F466BE2CC34ADAA6716D453F3EAFBB3EA5955FDF3BF7870E0B2AB8636648FCFA9C766D463E7D5AAA21E99577FF4F303CD37856722D8A6CF9C8CC562B2872E6C06F82B8E4142662033C012792AE4E2F1F87B278FCFCD4F6B4DA4B3B317D4990B8DA7E6171A3F7FFCCC7FFECEEF7EF62F1FFACEBCAA9E9E574FCDA9EFCFA975557D76CFCBCDDC371DCDC629BC738AA2148BC59191916C369BFE4826931153C6C7C7F90330729119C80CB0C400875C337F9DD69BF8F5CCBC7AF29C3A7BE1C319EAF5FAF7BEFF836F7DFBFBC7DE6E9CA5E616D4D9664E7CF1A503A66523D5C87D9D10C590A8841C3F9E924AA5B66FDFDEEF5F49EBD350213390196089010EB966FEFA5FBD3572DF05F5C459F59D69754E556767669237DC3030F0B18181D8AD7FB2D9B8E0DE7DFB4DCB46AA91FB16A75C2E0F0D0DB9FCD0AE269148F4E68B698E3D71339BE33C3DD8105F0C9019C80CB0C200875C337F9DD2DB40F33AB97847F8F669F5DDF3EADE43BF5CB162C5C72EBF62D9D51FCFDD7E49EEDBF3D23ED3B2916AE43EAF1445C9E7F3A61221954A7DE31BDF9C987862C7CEE7F4F6C0030F6EDCB8D13467369BEDFD1FBCB61C659BA1373D65FCB5EF0286CC406680250638E49AF9ABAE37F1EBB905F57DA5F18EF0C47975E79ECA8D6B6EFAF86F5F7B75FC9A1FFCCB8FCEABEAF48C7A76A6B1E0AEC93DA66523D5C87D9ED46A35D325A27BEFFD7AF33F8CCEB76B27DE3BF90F8F3CA2FDBF584D2291989A9AEA65B76DAA22CB8B40ED9EEAC7CB45640632032C31C021278EE1F9F90FF4A61DD222FD9D9A533F9815EF0BE75E3C585DF3FB9F5BFFE53F7877467D4751DF55D49333AAC87EBB76EF312D1BA946EE73AF5AAD8A8246AF0932998C7D3D64AA8D1E78E0417DD9582C363939D99B6EB71B6297D78A5A67EBAF98213390196089010E3953FE4AAF5FF7F2ABAFEF3D58999CAABCB0AFF2C2FEC32FBE7CF4BF76BFF2F3836F3CBFEFF0CFF6BDF6C2FED7260F1C3EF8FAAF1EF9C7C76EDB749BF41C44EE0B3845518C57891EDAB6CD653D646C8F3FFE6FA21ED2AF18F5E0EB69A6CB3FA6A754DB6B45C635F4E355220D9981CC004B0C70C83573DFFBC676CF3D7739DE0210FEF8D65B4D0B46AA91FB5CCAE5727ACC4C4C3CB18892486B7B5FDA178FC7B5F5A4D3E9AEF6D954E20C587D5AC8716228AE159119C80C30638043AE99FB4ED2BC36729F1BC562513F592EEE2A91B13DF5F433FADAC6C6C6BAD467CB62A8F5B19BAAA85597FADC0D640632032C31C021D7C87D17DEA3796DE43E3752A994560D6432990E4B22ADE99F311A1C1CF4FDEF18990A17CBBA4755DDDE416BB79E7E41662033C012031C72CDDC7782E6B591FB1C150A05AD5C88C562C7DE3AEE4B55747AFA8CFEADB4AD5BB776B5FFED86D866E85B2B27CBE97D81CC406680250638E49AB9EF5D9AD746EE73944EA7B5F2E5DE7BBFEE4B49A4B51F3EF698B6DA783CDED5FEFB5815D94C0C2C320399019618E0906BE6BE77685E1BB9CF5EBD5ED76F2DF975A1486FAB5625B43597CBE5EE6D82A7AAA8DD7D349777D90288CC406680250638E49AB9AF46F3DAC87D6AF31E59B55AB57C6A7C7C5CAB03D2E9B4BF25916877DEF9E197A1868787BD760C2E9119C80CB0C400871CB98FDCB738870F1FD64A93E5CB974F4C4C989EDDB2658BF66CE75F3D6B6D3B763EA7AD7C6868C8F8A2F57AFDF6DB6FD79EBAEEBAEB288C3A41662033C012031C72CDDCF7EB9EB5D69773DF019B398D4FF5668BC87D8AA25C76D9655A09B264C992CF7CE633C62A2493C9684F3DF5F433BE5745478E1ED5569E4824F457DCBE7DBBFE971EC583C1C1C11EFCB1C710F3EB387273C87B4A02ADDCE70A7D7AEB0332035C6280434E1CC3172EBCED6F33E52CD35336739AE6B77CB6DD9C36AFD28D46EE138CFFA44C58B66CD91D77DCA17D615EFF4EFEDE97F6F95E1589A6BFA878AD4AA5F2A94F7DCAD893A1A12163C18445F0F120B239544D132D0F70E3AFC689C6072E7385CD0332035C628043AE99148EFBDB8CEB34ADBFF5299733BB799536D9D0E7ADD35F51FF8E155AE90593FB7F79E6A9E9EB6714BAC797C3C471E5962F34D02615B47B60DF5BC7C51DD7E069936527757417031C72CD5CF096BF4D5BA7E9E7A509D13CBFE574CBD5B65B567FB61B5B64F9BAB2874EBEABAFBE5ADFF9D92651A3542A15F1543299D4A6FFE2D0A16E5445FACD32B5F9DF67BFF4A52F7DE2139FD03BB37CF9F2542A257BF7F4375F8EA3762B693D5A8D735AA688D6E3DD266FD8E70AC70E90196083010EB9662E38E66FD3D669FC697ACAF8AB718AE9577D4A9B5468B15AD3DA7CDF34E3CA650F9D64FA77EF4501F4B5AF7D4DFC2C140AFAB3FA259C1D3B9FF3BD243AF1DE496DE5C63F59542A9556AD5A75FDF5D76B4F2D5DBAD4F73F7E1D29BE1C3EED56623C605B93804DDEB07FE0982B2C67F637579019428F010EB9663AF895BF4D5BA7F1A73E5DFFD5F4D8B4B8E553368FF5D7BA34D9F9BC5DA64ECA1E3AC9DE7CF3CD582C96C9641289C4F0F0B028928CCFE6F3796D14FEE191477CAF8A7E71E890B672D3052151068D8C8CAC5CB9524C173FA7A6A67ABB4B42C59723A8DD4A5A0F799B63DC7844B7CEE9355758AE9CCC00F718E090935515B9499D175A0A1DCBA2C7728AE39AC97D9D2B168BE3E3E3965F801F1D1DD50665F3E6AFFA5E153DB46D9BB6F25C2ED7FAD2A23FA257A26F5DDFFE50F3AB2A7273FCB63B5ADB153196AB729F2BBA9A22C80CA1C700875C3329BCE96FD3D669FCD9FAABF6B84D0A33AFCAE6B1E56A5BE7EFC636CA1EBA40AB542ADA68C6E3F1D3D367FCAD8AD6AD5BA7AD5C543FB23734B4BA7AF8582681D69C6079ECBB99D22E21B42607DF3793CC107A0C70C83592C242D5DFA6ADB3F5A7F18169669B5FDB164F56AF68F342BE6FA3ECA10BBA4422A18DC8C4C4133E9644FA1F2B124CB7EDE023DF8F20E30AED576E93256C52819B5CD19A1FBAB199B2870EDDC500875C3329BCD18DA6AFD9F812AD2F679A62F3ABCD7A5A7FEDDE76E92F217BE8826E7878581B88356BD6F878B9E82BB7DCA2AD369BCDCADEC430F3E508D256E2980A4C07AC6596B03FE45DE60A534F8CABF52B639019428F010EB9662EF8A5EF4D5B6DEBCA4D531C6758C453FAE32E6D9ABE72D9431774F57A5DFFAB427EFDDF8F5D2FBCA85F00E0C3D45DE5CBE16399078C133FAA4B1CB284A74461F3AC313998FAE657BA2033841E031C72CD5C70D4DF665CA7E971BBA75A9FB55FADE553AD6BE8C6D6E96B963D747D606C6C4C1B94582CD6F957F48F1C3DAA97595BB66C91BD7121D7F9B1D37AECEBDACDDFCA7106CBB5B59BA84FB7EC1B99016E30C021D7CC0547685E1BB9CFA5A1A121ED94230A9A4EFECEF5E9E9336BD6ACD157C5FF38EB36320399019618E0906BE6BED7695E1BB9CFA56AB51A8FC7F56A6671FF16EDD85BC7F59228168B95CB65D99B157E640632032C31C02147EE23F7759B2862F49B14A2A6F1FA771D77BDF0A2F1DFD08E8D8DC9DEA048203390196089010E39710C2F2C1CA6796DE43E4F8AC5A27EC568A0F9ADB4A79E7EC6CD25A2DB366D327E828492A867C80C640658628043AE99FB5EA3796DE43EAF2A958AFE2F63F5DAE881071E6CFDF7B1A218FA87471ED9B871A37166515471E3AC97C80C640658628043AE99FB2A34AF8DDCB708F57A7D646444FF77F7266BD7AE6DF7542E97E3E3D53D46662033C012031C72CDDCF72ACD6B23F72D9AA86FF4FF1DEB289D4E4F4E4ECAEE72149119C80CB0C400879C78777EEEDCFE858557689E1AB9AF438AA2140A05511EA552295325944824B2D9ECF6EDDBB93E24119981CC004B0C70C88933D01B6FFC7461E110CD5323F721DCC80C6406586280432E93C9FCA4B47D41FD05CD7D7BB5F2E36432297BE8802E223390196089AA28E44647478787EF909E4DFAABFDF3F843F97C5EF6D0015D44662033C0125551C855ABD564F293E794BD0BEA419ACB96CDDE5C2C16650F1DD045640632032C511585DF48C39605F5659A9BF6EF85BFCDE532B2070DE83A32039901ADA88AC24F519474FA739393FFAAAA0768F6AD56DB29DE40D7EBBB640F1AD075640632035A51154542A55249A56EA8548AAA3A456BD744E213278972F951D9C305F4089981CC0013AAA2A8989C9C14E96F74F4CF54753FADB5158BDF4D2613E5F23FC91E28A0A7C80C64061851154588A228C3C3F974FAA6F1F1BFAAD59E55D57DB47AFDBF0B85BFC9E53666B369F158F61001129019C80CD05115454EB95CCEE7FF6870F0B75CFE4F86708BC797E7721B44FA933D2C80646406233243645115411AFEF20780566406484455043976EFDE2DDE90D5EB75D91D01102C03FC570DC843F0418E952B578ADCF7A77FFAA7B23B022058A88A2011C107091E7EF861EDE6FD75D75D37353525BB3B000284AA0812117CE8B57ABD1E8BC5B4AAE88A2BAEB8E9A69B64F708408050154122820FBD96CD668DDFF558B972E5F8F8B8EC4E01080AAA224844F0A1A7EAF57AEB9760AFBFFE7A455164770D402050154122820F3DF5E8A38F6A95D08D37DEA857459FFEF4A7CBE5B2ECAE010804AA224844F0A1A77EF6B39F5D75D5558944221E8F8BDC37D874EDB5D7521501D050154122820FBD36353555AD56D58F729F78CCD7D000E8A88A2011C10769C87D005A91192011C10769C87D005A91192011C10769C87D005A91192011C10769C87D005A91192011C10769C87D005A91192011C10769C87D005A91192011C10769C87D005A91192011C10769C87D005A91192011C10769C87D005A91192011C10769C87D005A91192011C10769C87D005A91192011C10769C87D005A91192011C10769C87D005A91192011C10769C87D005A91192011C10769C87D005A91192011C10769C87D005A91192011C10769C87D005A91192011C10769C87D005A91192011C10769C87D005A91192011C10769C87D005A91192011C10769C87D005A91192011C10769C87D005A91192011C10769C87D005A91192011C1076962B198A228B27B012058A88A2011C10769128944B55A95DD0B00C142550489083E48934AA5A6A6A664F7024080D46AB5C1C141D9BD40745115419A743A5D2E9765F702C1C5358308AA56AB894442762F105D241D4893CFE7C7C7C765F702BD3360CB711EB99D476F944AA54C2623BB17882E120DA4112591288C64F702BD6353D9989E32FE4A3D1429234DB27B81E822DD409A4AA5924C2665F702BDA3D537961781DA3DC5E5A2A8C96432A55249762F105D6419C8C407AE23C5E5B5A2D6D9A88722A256AB251209FE60072422D740A6B1B1B1AD5BB7CAEE057AC4F15A913E1B5789A2898400E9C8359049BC29146F0DC51B44D91D412FB416409613B956144D64030401B9069295CBE5743A2DBB17E805F75511D78A22882FA52208C835906F646484CBE651E0F20E9A697E44C1D8D8D8962D5B64F702A02A42300C0F0F6732997ABD2EBB23E822379FB6361549AD0F10328AA2E4F3794A220404890641512A951289C4C8C8081F2C08AB4554453613D1EFC4BBA0B1B13171D473E30CC141964180882C29AA22912533998C78C0FF03099976B7C9DC7C13ADDDE2E83BE2B81E1D1DCD66B3E248DFBA752BEF8210286419048EA228A552495445E974DAF283B700FA9738AE8787878BC52277CC114054450000000D54450000000D54450000000D54450000000D54450000000DFF0F0F7841E85327C38D0000000049454E44AE426082, 0);

-- ----------------------------
-- Table structure for act_ge_property
-- ----------------------------
DROP TABLE IF EXISTS `act_ge_property`;
CREATE TABLE `act_ge_property`  (
  `NAME_` varchar(64) CHARACTER SET utf8 COLLATE utf8_bin NOT NULL DEFAULT '',
  `VALUE_` varchar(300) CHARACTER SET utf8 COLLATE utf8_bin DEFAULT NULL,
  `REV_` int(11) DEFAULT NULL,
  PRIMARY KEY (`NAME_`) USING BTREE
) ENGINE = InnoDB CHARACTER SET = utf8 COLLATE = utf8_bin ROW_FORMAT = Compact;

-- ----------------------------
-- Records of act_ge_property
-- ----------------------------
INSERT INTO `act_ge_property` VALUES ('next.dbid', '201', 3);
INSERT INTO `act_ge_property` VALUES ('schema.history', 'create(5.13)', 1);
INSERT INTO `act_ge_property` VALUES ('schema.version', '5.13', 1);

-- ----------------------------
-- Table structure for act_hi_actinst
-- ----------------------------
DROP TABLE IF EXISTS `act_hi_actinst`;
CREATE TABLE `act_hi_actinst`  (
  `ID_` varchar(64) CHARACTER SET utf8 COLLATE utf8_bin NOT NULL,
  `PROC_DEF_ID_` varchar(64) CHARACTER SET utf8 COLLATE utf8_bin NOT NULL,
  `PROC_INST_ID_` varchar(64) CHARACTER SET utf8 COLLATE utf8_bin NOT NULL,
  `EXECUTION_ID_` varchar(64) CHARACTER SET utf8 COLLATE utf8_bin NOT NULL,
  `ACT_ID_` varchar(255) CHARACTER SET utf8 COLLATE utf8_bin NOT NULL,
  `TASK_ID_` varchar(64) CHARACTER SET utf8 COLLATE utf8_bin DEFAULT NULL,
  `CALL_PROC_INST_ID_` varchar(64) CHARACTER SET utf8 COLLATE utf8_bin DEFAULT NULL,
  `ACT_NAME_` varchar(255) CHARACTER SET utf8 COLLATE utf8_bin DEFAULT NULL,
  `ACT_TYPE_` varchar(255) CHARACTER SET utf8 COLLATE utf8_bin NOT NULL,
  `ASSIGNEE_` varchar(64) CHARACTER SET utf8 COLLATE utf8_bin DEFAULT NULL,
  `START_TIME_` datetime(0) NOT NULL,
  `END_TIME_` datetime(0) DEFAULT NULL,
  `DURATION_` bigint(20) DEFAULT NULL,
  PRIMARY KEY (`ID_`) USING BTREE,
  INDEX `ACT_IDX_HI_ACT_INST_START`(`START_TIME_`) USING BTREE,
  INDEX `ACT_IDX_HI_ACT_INST_END`(`END_TIME_`) USING BTREE,
  INDEX `ACT_IDX_HI_ACT_INST_PROCINST`(`PROC_INST_ID_`, `ACT_ID_`) USING BTREE,
  INDEX `ACT_IDX_HI_ACT_INST_EXEC`(`EXECUTION_ID_`, `ACT_ID_`) USING BTREE
) ENGINE = InnoDB CHARACTER SET = utf8 COLLATE = utf8_bin ROW_FORMAT = Compact;

-- ----------------------------
-- Records of act_hi_actinst
-- ----------------------------
INSERT INTO `act_hi_actinst` VALUES ('102', 'baoxiao:1:4', '101', '101', 'startevent1', NULL, NULL, 'Start', 'startEvent', NULL, '2020-08-31 09:47:12', '2020-08-31 09:47:12', 37);
INSERT INTO `act_hi_actinst` VALUES ('105', 'baoxiao:1:4', '101', '101', 'usertask1', '106', NULL, '员工申请报销', 'userTask', 'zhang', '2020-08-31 09:47:12', '2020-08-31 09:47:19', 6941);
INSERT INTO `act_hi_actinst` VALUES ('109', 'baoxiao:1:4', '101', '101', 'usertask2', '110', NULL, '部门经理审批', 'userTask', 'mike', '2020-08-31 09:47:19', '2020-08-31 09:47:58', 39128);
INSERT INTO `act_hi_actinst` VALUES ('114', 'baoxiao:1:4', '101', '101', 'usertask3', '115', NULL, '财务审核', 'userTask', 'li', '2020-08-31 09:47:58', '2020-08-31 09:48:51', 53156);
INSERT INTO `act_hi_actinst` VALUES ('118', 'baoxiao:1:4', '101', '101', 'endevent1', NULL, NULL, 'End', 'endEvent', NULL, '2020-08-31 09:48:51', '2020-08-31 09:48:51', 0);
INSERT INTO `act_hi_actinst` VALUES ('13', 'baoxiao:1:4', '5', '5', 'usertask2', '14', NULL, '部门经理审批', 'userTask', 'danny', '2020-08-31 09:05:49', '2020-08-31 09:06:37', 47842);
INSERT INTO `act_hi_actinst` VALUES ('18', 'baoxiao:1:4', '5', '5', 'endevent1', NULL, NULL, 'End', 'endEvent', NULL, '2020-08-31 09:06:37', '2020-08-31 09:06:37', 0);
INSERT INTO `act_hi_actinst` VALUES ('20', 'baoxiao:1:4', '19', '19', 'startevent1', NULL, NULL, 'Start', 'startEvent', NULL, '2020-08-31 09:07:23', '2020-08-31 09:07:23', 1);
INSERT INTO `act_hi_actinst` VALUES ('23', 'baoxiao:1:4', '19', '19', 'usertask1', '24', NULL, '员工申请报销', 'userTask', 'mike', '2020-08-31 09:07:23', '2020-08-31 09:11:33', 249631);
INSERT INTO `act_hi_actinst` VALUES ('27', 'baoxiao:1:4', '19', '19', 'usertask2', '28', NULL, '部门经理审批', 'userTask', 'danny', '2020-08-31 09:11:33', '2020-08-31 09:12:03', 29799);
INSERT INTO `act_hi_actinst` VALUES ('32', 'baoxiao:1:4', '19', '19', 'usertask3', '33', NULL, '财务审核', 'userTask', 'li', '2020-08-31 09:12:03', '2020-08-31 09:12:28', 25058);
INSERT INTO `act_hi_actinst` VALUES ('36', 'baoxiao:1:4', '19', '19', 'endevent1', NULL, NULL, 'End', 'endEvent', NULL, '2020-08-31 09:12:28', '2020-08-31 09:12:28', 0);
INSERT INTO `act_hi_actinst` VALUES ('6', 'baoxiao:1:4', '5', '5', 'startevent1', NULL, NULL, 'Start', 'startEvent', NULL, '2020-08-31 09:05:08', '2020-08-31 09:05:08', 77);
INSERT INTO `act_hi_actinst` VALUES ('9', 'baoxiao:1:4', '5', '5', 'usertask1', '10', NULL, '员工申请报销', 'userTask', 'mike', '2020-08-31 09:05:08', '2020-08-31 09:05:49', 40755);

-- ----------------------------
-- Table structure for act_hi_attachment
-- ----------------------------
DROP TABLE IF EXISTS `act_hi_attachment`;
CREATE TABLE `act_hi_attachment`  (
  `ID_` varchar(64) CHARACTER SET utf8 COLLATE utf8_bin NOT NULL,
  `REV_` int(11) DEFAULT NULL,
  `USER_ID_` varchar(255) CHARACTER SET utf8 COLLATE utf8_bin DEFAULT NULL,
  `NAME_` varchar(255) CHARACTER SET utf8 COLLATE utf8_bin DEFAULT NULL,
  `DESCRIPTION_` varchar(4000) CHARACTER SET utf8 COLLATE utf8_bin DEFAULT NULL,
  `TYPE_` varchar(255) CHARACTER SET utf8 COLLATE utf8_bin DEFAULT NULL,
  `TASK_ID_` varchar(64) CHARACTER SET utf8 COLLATE utf8_bin DEFAULT NULL,
  `PROC_INST_ID_` varchar(64) CHARACTER SET utf8 COLLATE utf8_bin DEFAULT NULL,
  `URL_` varchar(4000) CHARACTER SET utf8 COLLATE utf8_bin DEFAULT NULL,
  `CONTENT_ID_` varchar(64) CHARACTER SET utf8 COLLATE utf8_bin DEFAULT NULL,
  PRIMARY KEY (`ID_`) USING BTREE
) ENGINE = InnoDB CHARACTER SET = utf8 COLLATE = utf8_bin ROW_FORMAT = Compact;

-- ----------------------------
-- Table structure for act_hi_comment
-- ----------------------------
DROP TABLE IF EXISTS `act_hi_comment`;
CREATE TABLE `act_hi_comment`  (
  `ID_` varchar(64) CHARACTER SET utf8 COLLATE utf8_bin NOT NULL,
  `TYPE_` varchar(255) CHARACTER SET utf8 COLLATE utf8_bin DEFAULT NULL,
  `TIME_` datetime(0) NOT NULL,
  `USER_ID_` varchar(255) CHARACTER SET utf8 COLLATE utf8_bin DEFAULT NULL,
  `TASK_ID_` varchar(64) CHARACTER SET utf8 COLLATE utf8_bin DEFAULT NULL,
  `PROC_INST_ID_` varchar(64) CHARACTER SET utf8 COLLATE utf8_bin DEFAULT NULL,
  `ACTION_` varchar(255) CHARACTER SET utf8 COLLATE utf8_bin DEFAULT NULL,
  `MESSAGE_` varchar(4000) CHARACTER SET utf8 COLLATE utf8_bin DEFAULT NULL,
  `FULL_MSG_` longblob,
  PRIMARY KEY (`ID_`) USING BTREE
) ENGINE = InnoDB CHARACTER SET = utf8 COLLATE = utf8_bin ROW_FORMAT = Compact;

-- ----------------------------
-- Records of act_hi_comment
-- ----------------------------
INSERT INTO `act_hi_comment` VALUES ('108', 'comment', '2020-08-31 09:47:19', 'zhang', '106', '101', 'AddComment', 'ole', 0x6F6C65);
INSERT INTO `act_hi_comment` VALUES ('112', 'comment', '2020-08-31 09:47:58', 'mike', '110', '101', 'AddComment', '行吧', 0xD0D0B0C9);
INSERT INTO `act_hi_comment` VALUES ('117', 'comment', '2020-08-31 09:48:51', 'li', '115', '101', 'AddComment', '666', 0x363636);
INSERT INTO `act_hi_comment` VALUES ('12', 'comment', '2020-08-31 09:05:49', 'mike', '10', '5', 'AddComment', '我也想要', 0xCED2D2B2CFEBD2AA);
INSERT INTO `act_hi_comment` VALUES ('16', 'comment', '2020-08-31 09:06:37', 'danny', '14', '5', 'AddComment', '加以如何？ ', 0xBCD3D2D4C8E7BACEA3BF0D0A);
INSERT INTO `act_hi_comment` VALUES ('26', 'comment', '2020-08-31 09:11:33', 'mike', '24', '19', 'AddComment', 'ok', 0x6F6B);
INSERT INTO `act_hi_comment` VALUES ('30', 'comment', '2020-08-31 09:12:03', 'danny', '28', '19', 'AddComment', '我也o', 0xCED2D2B26F);
INSERT INTO `act_hi_comment` VALUES ('35', 'comment', '2020-08-31 09:12:28', 'li', '33', '19', 'AddComment', '老板都想要', 0xC0CFB0E5B6BCCFEBD2AA);

-- ----------------------------
-- Table structure for act_hi_detail
-- ----------------------------
DROP TABLE IF EXISTS `act_hi_detail`;
CREATE TABLE `act_hi_detail`  (
  `ID_` varchar(64) CHARACTER SET utf8 COLLATE utf8_bin NOT NULL,
  `TYPE_` varchar(255) CHARACTER SET utf8 COLLATE utf8_bin NOT NULL,
  `PROC_INST_ID_` varchar(64) CHARACTER SET utf8 COLLATE utf8_bin DEFAULT NULL,
  `EXECUTION_ID_` varchar(64) CHARACTER SET utf8 COLLATE utf8_bin DEFAULT NULL,
  `TASK_ID_` varchar(64) CHARACTER SET utf8 COLLATE utf8_bin DEFAULT NULL,
  `ACT_INST_ID_` varchar(64) CHARACTER SET utf8 COLLATE utf8_bin DEFAULT NULL,
  `NAME_` varchar(255) CHARACTER SET utf8 COLLATE utf8_bin NOT NULL,
  `VAR_TYPE_` varchar(255) CHARACTER SET utf8 COLLATE utf8_bin DEFAULT NULL,
  `REV_` int(11) DEFAULT NULL,
  `TIME_` datetime(0) NOT NULL,
  `BYTEARRAY_ID_` varchar(64) CHARACTER SET utf8 COLLATE utf8_bin DEFAULT NULL,
  `DOUBLE_` double DEFAULT NULL,
  `LONG_` bigint(20) DEFAULT NULL,
  `TEXT_` varchar(4000) CHARACTER SET utf8 COLLATE utf8_bin DEFAULT NULL,
  `TEXT2_` varchar(4000) CHARACTER SET utf8 COLLATE utf8_bin DEFAULT NULL,
  PRIMARY KEY (`ID_`) USING BTREE,
  INDEX `ACT_IDX_HI_DETAIL_PROC_INST`(`PROC_INST_ID_`) USING BTREE,
  INDEX `ACT_IDX_HI_DETAIL_ACT_INST`(`ACT_INST_ID_`) USING BTREE,
  INDEX `ACT_IDX_HI_DETAIL_TIME`(`TIME_`) USING BTREE,
  INDEX `ACT_IDX_HI_DETAIL_NAME`(`NAME_`) USING BTREE,
  INDEX `ACT_IDX_HI_DETAIL_TASK_ID`(`TASK_ID_`) USING BTREE
) ENGINE = InnoDB CHARACTER SET = utf8 COLLATE = utf8_bin ROW_FORMAT = Compact;

-- ----------------------------
-- Table structure for act_hi_identitylink
-- ----------------------------
DROP TABLE IF EXISTS `act_hi_identitylink`;
CREATE TABLE `act_hi_identitylink`  (
  `ID_` varchar(64) CHARACTER SET utf8 COLLATE utf8_bin NOT NULL DEFAULT '',
  `GROUP_ID_` varchar(255) CHARACTER SET utf8 COLLATE utf8_bin DEFAULT NULL,
  `TYPE_` varchar(255) CHARACTER SET utf8 COLLATE utf8_bin DEFAULT NULL,
  `USER_ID_` varchar(255) CHARACTER SET utf8 COLLATE utf8_bin DEFAULT NULL,
  `TASK_ID_` varchar(64) CHARACTER SET utf8 COLLATE utf8_bin DEFAULT NULL,
  `PROC_INST_ID_` varchar(64) CHARACTER SET utf8 COLLATE utf8_bin DEFAULT NULL,
  PRIMARY KEY (`ID_`) USING BTREE,
  INDEX `ACT_IDX_HI_IDENT_LNK_USER`(`USER_ID_`) USING BTREE,
  INDEX `ACT_IDX_HI_IDENT_LNK_TASK`(`TASK_ID_`) USING BTREE,
  INDEX `ACT_IDX_HI_IDENT_LNK_PROCINST`(`PROC_INST_ID_`) USING BTREE
) ENGINE = InnoDB CHARACTER SET = utf8 COLLATE = utf8_bin ROW_FORMAT = Compact;

-- ----------------------------
-- Records of act_hi_identitylink
-- ----------------------------
INSERT INTO `act_hi_identitylink` VALUES ('107', NULL, 'participant', 'zhang', NULL, '101');
INSERT INTO `act_hi_identitylink` VALUES ('11', NULL, 'participant', 'mike', NULL, '5');
INSERT INTO `act_hi_identitylink` VALUES ('111', NULL, 'participant', 'mike', NULL, '101');
INSERT INTO `act_hi_identitylink` VALUES ('116', NULL, 'participant', 'li', NULL, '101');
INSERT INTO `act_hi_identitylink` VALUES ('15', NULL, 'participant', 'danny', NULL, '5');
INSERT INTO `act_hi_identitylink` VALUES ('25', NULL, 'participant', 'mike', NULL, '19');
INSERT INTO `act_hi_identitylink` VALUES ('29', NULL, 'participant', 'danny', NULL, '19');
INSERT INTO `act_hi_identitylink` VALUES ('34', NULL, 'participant', 'li', NULL, '19');

-- ----------------------------
-- Table structure for act_hi_procinst
-- ----------------------------
DROP TABLE IF EXISTS `act_hi_procinst`;
CREATE TABLE `act_hi_procinst`  (
  `ID_` varchar(64) CHARACTER SET utf8 COLLATE utf8_bin NOT NULL,
  `PROC_INST_ID_` varchar(64) CHARACTER SET utf8 COLLATE utf8_bin NOT NULL,
  `BUSINESS_KEY_` varchar(255) CHARACTER SET utf8 COLLATE utf8_bin DEFAULT NULL,
  `PROC_DEF_ID_` varchar(64) CHARACTER SET utf8 COLLATE utf8_bin NOT NULL,
  `START_TIME_` datetime(0) NOT NULL,
  `END_TIME_` datetime(0) DEFAULT NULL,
  `DURATION_` bigint(20) DEFAULT NULL,
  `START_USER_ID_` varchar(255) CHARACTER SET utf8 COLLATE utf8_bin DEFAULT NULL,
  `START_ACT_ID_` varchar(255) CHARACTER SET utf8 COLLATE utf8_bin DEFAULT NULL,
  `END_ACT_ID_` varchar(255) CHARACTER SET utf8 COLLATE utf8_bin DEFAULT NULL,
  `SUPER_PROCESS_INSTANCE_ID_` varchar(64) CHARACTER SET utf8 COLLATE utf8_bin DEFAULT NULL,
  `DELETE_REASON_` varchar(4000) CHARACTER SET utf8 COLLATE utf8_bin DEFAULT NULL,
  PRIMARY KEY (`ID_`) USING BTREE,
  UNIQUE INDEX `PROC_INST_ID_`(`PROC_INST_ID_`) USING BTREE,
  UNIQUE INDEX `ACT_UNIQ_HI_BUS_KEY`(`PROC_DEF_ID_`, `BUSINESS_KEY_`) USING BTREE,
  INDEX `ACT_IDX_HI_PRO_INST_END`(`END_TIME_`) USING BTREE,
  INDEX `ACT_IDX_HI_PRO_I_BUSKEY`(`BUSINESS_KEY_`) USING BTREE
) ENGINE = InnoDB CHARACTER SET = utf8 COLLATE = utf8_bin ROW_FORMAT = Compact;

-- ----------------------------
-- Records of act_hi_procinst
-- ----------------------------
INSERT INTO `act_hi_procinst` VALUES ('101', '101', 'baoxiao.21', 'baoxiao:1:4', '2020-08-31 09:47:12', '2020-08-31 09:48:51', 99156, NULL, 'startevent1', 'endevent1', NULL, NULL);
INSERT INTO `act_hi_procinst` VALUES ('19', '19', 'baoxiao.20', 'baoxiao:1:4', '2020-08-31 09:07:23', '2020-08-31 09:12:28', 305058, NULL, 'startevent1', 'endevent1', NULL, NULL);
INSERT INTO `act_hi_procinst` VALUES ('5', '5', 'baoxiao.19', 'baoxiao:1:4', '2020-08-31 09:05:08', '2020-08-31 09:06:37', 88844, NULL, 'startevent1', 'endevent1', NULL, NULL);

-- ----------------------------
-- Table structure for act_hi_taskinst
-- ----------------------------
DROP TABLE IF EXISTS `act_hi_taskinst`;
CREATE TABLE `act_hi_taskinst`  (
  `ID_` varchar(64) CHARACTER SET utf8 COLLATE utf8_bin NOT NULL,
  `PROC_DEF_ID_` varchar(64) CHARACTER SET utf8 COLLATE utf8_bin DEFAULT NULL,
  `TASK_DEF_KEY_` varchar(255) CHARACTER SET utf8 COLLATE utf8_bin DEFAULT NULL,
  `PROC_INST_ID_` varchar(64) CHARACTER SET utf8 COLLATE utf8_bin DEFAULT NULL,
  `EXECUTION_ID_` varchar(64) CHARACTER SET utf8 COLLATE utf8_bin DEFAULT NULL,
  `NAME_` varchar(255) CHARACTER SET utf8 COLLATE utf8_bin DEFAULT NULL,
  `PARENT_TASK_ID_` varchar(64) CHARACTER SET utf8 COLLATE utf8_bin DEFAULT NULL,
  `DESCRIPTION_` varchar(4000) CHARACTER SET utf8 COLLATE utf8_bin DEFAULT NULL,
  `OWNER_` varchar(255) CHARACTER SET utf8 COLLATE utf8_bin DEFAULT NULL,
  `ASSIGNEE_` varchar(255) CHARACTER SET utf8 COLLATE utf8_bin DEFAULT NULL,
  `START_TIME_` datetime(0) NOT NULL,
  `CLAIM_TIME_` datetime(0) DEFAULT NULL,
  `END_TIME_` datetime(0) DEFAULT NULL,
  `DURATION_` bigint(20) DEFAULT NULL,
  `DELETE_REASON_` varchar(4000) CHARACTER SET utf8 COLLATE utf8_bin DEFAULT NULL,
  `PRIORITY_` int(11) DEFAULT NULL,
  `DUE_DATE_` datetime(0) DEFAULT NULL,
  `FORM_KEY_` varchar(255) CHARACTER SET utf8 COLLATE utf8_bin DEFAULT NULL,
  PRIMARY KEY (`ID_`) USING BTREE
) ENGINE = InnoDB CHARACTER SET = utf8 COLLATE = utf8_bin ROW_FORMAT = Compact;

-- ----------------------------
-- Records of act_hi_taskinst
-- ----------------------------
INSERT INTO `act_hi_taskinst` VALUES ('10', 'baoxiao:1:4', 'usertask1', '5', '5', '员工申请报销', NULL, NULL, NULL, 'mike', '2020-08-31 09:05:08', NULL, '2020-08-31 09:05:49', 40743, 'completed', 50, NULL, NULL);
INSERT INTO `act_hi_taskinst` VALUES ('106', 'baoxiao:1:4', 'usertask1', '101', '101', '员工申请报销', NULL, NULL, NULL, 'zhang', '2020-08-31 09:47:12', NULL, '2020-08-31 09:47:19', 6922, 'completed', 50, NULL, NULL);
INSERT INTO `act_hi_taskinst` VALUES ('110', 'baoxiao:1:4', 'usertask2', '101', '101', '部门经理审批', NULL, NULL, NULL, 'mike', '2020-08-31 09:47:19', NULL, '2020-08-31 09:47:58', 39120, 'completed', 50, NULL, NULL);
INSERT INTO `act_hi_taskinst` VALUES ('115', 'baoxiao:1:4', 'usertask3', '101', '101', '财务审核', NULL, NULL, NULL, 'li', '2020-08-31 09:47:58', NULL, '2020-08-31 09:48:51', 53140, 'completed', 50, NULL, NULL);
INSERT INTO `act_hi_taskinst` VALUES ('14', 'baoxiao:1:4', 'usertask2', '5', '5', '部门经理审批', NULL, NULL, NULL, 'danny', '2020-08-31 09:05:49', NULL, '2020-08-31 09:06:37', 47833, 'completed', 50, NULL, NULL);
INSERT INTO `act_hi_taskinst` VALUES ('24', 'baoxiao:1:4', 'usertask1', '19', '19', '员工申请报销', NULL, NULL, NULL, 'mike', '2020-08-31 09:07:23', NULL, '2020-08-31 09:11:33', 249611, 'completed', 50, NULL, NULL);
INSERT INTO `act_hi_taskinst` VALUES ('28', 'baoxiao:1:4', 'usertask2', '19', '19', '部门经理审批', NULL, NULL, NULL, 'danny', '2020-08-31 09:11:33', NULL, '2020-08-31 09:12:03', 29799, 'completed', 50, NULL, NULL);
INSERT INTO `act_hi_taskinst` VALUES ('33', 'baoxiao:1:4', 'usertask3', '19', '19', '财务审核', NULL, NULL, NULL, 'li', '2020-08-31 09:12:03', NULL, '2020-08-31 09:12:28', 25040, 'completed', 50, NULL, NULL);

-- ----------------------------
-- Table structure for act_hi_varinst
-- ----------------------------
DROP TABLE IF EXISTS `act_hi_varinst`;
CREATE TABLE `act_hi_varinst`  (
  `ID_` varchar(64) CHARACTER SET utf8 COLLATE utf8_bin NOT NULL,
  `PROC_INST_ID_` varchar(64) CHARACTER SET utf8 COLLATE utf8_bin DEFAULT NULL,
  `EXECUTION_ID_` varchar(64) CHARACTER SET utf8 COLLATE utf8_bin DEFAULT NULL,
  `TASK_ID_` varchar(64) CHARACTER SET utf8 COLLATE utf8_bin DEFAULT NULL,
  `NAME_` varchar(255) CHARACTER SET utf8 COLLATE utf8_bin NOT NULL,
  `VAR_TYPE_` varchar(100) CHARACTER SET utf8 COLLATE utf8_bin DEFAULT NULL,
  `REV_` int(11) DEFAULT NULL,
  `BYTEARRAY_ID_` varchar(64) CHARACTER SET utf8 COLLATE utf8_bin DEFAULT NULL,
  `DOUBLE_` double DEFAULT NULL,
  `LONG_` bigint(20) DEFAULT NULL,
  `TEXT_` varchar(4000) CHARACTER SET utf8 COLLATE utf8_bin DEFAULT NULL,
  `TEXT2_` varchar(4000) CHARACTER SET utf8 COLLATE utf8_bin DEFAULT NULL,
  PRIMARY KEY (`ID_`) USING BTREE,
  INDEX `ACT_IDX_HI_PROCVAR_PROC_INST`(`PROC_INST_ID_`) USING BTREE,
  INDEX `ACT_IDX_HI_PROCVAR_NAME_TYPE`(`NAME_`, `VAR_TYPE_`) USING BTREE
) ENGINE = InnoDB CHARACTER SET = utf8 COLLATE = utf8_bin ROW_FORMAT = Compact;

-- ----------------------------
-- Records of act_hi_varinst
-- ----------------------------
INSERT INTO `act_hi_varinst` VALUES ('103', '101', '101', NULL, 'objId', 'string', 0, NULL, NULL, NULL, 'baoxiao.21', NULL);
INSERT INTO `act_hi_varinst` VALUES ('104', '101', '101', NULL, 'inputUser', 'string', 0, NULL, NULL, NULL, 'zhang', NULL);
INSERT INTO `act_hi_varinst` VALUES ('113', '101', '101', NULL, 'message', 'string', 0, NULL, NULL, NULL, '金额小于等于5000', NULL);
INSERT INTO `act_hi_varinst` VALUES ('17', '5', '5', NULL, 'message', 'string', 0, NULL, NULL, NULL, '不同意', NULL);
INSERT INTO `act_hi_varinst` VALUES ('21', '19', '19', NULL, 'objId', 'string', 0, NULL, NULL, NULL, 'baoxiao.20', NULL);
INSERT INTO `act_hi_varinst` VALUES ('22', '19', '19', NULL, 'inputUser', 'string', 0, NULL, NULL, NULL, 'mike', NULL);
INSERT INTO `act_hi_varinst` VALUES ('31', '19', '19', NULL, 'message', 'string', 0, NULL, NULL, NULL, '金额小于等于5000', NULL);
INSERT INTO `act_hi_varinst` VALUES ('7', '5', '5', NULL, 'objId', 'string', 0, NULL, NULL, NULL, 'baoxiao.19', NULL);
INSERT INTO `act_hi_varinst` VALUES ('8', '5', '5', NULL, 'inputUser', 'string', 0, NULL, NULL, NULL, 'mike', NULL);

-- ----------------------------
-- Table structure for act_id_group
-- ----------------------------
DROP TABLE IF EXISTS `act_id_group`;
CREATE TABLE `act_id_group`  (
  `ID_` varchar(64) CHARACTER SET utf8 COLLATE utf8_bin NOT NULL DEFAULT '',
  `REV_` int(11) DEFAULT NULL,
  `NAME_` varchar(255) CHARACTER SET utf8 COLLATE utf8_bin DEFAULT NULL,
  `TYPE_` varchar(255) CHARACTER SET utf8 COLLATE utf8_bin DEFAULT NULL,
  PRIMARY KEY (`ID_`) USING BTREE
) ENGINE = InnoDB CHARACTER SET = utf8 COLLATE = utf8_bin ROW_FORMAT = Compact;

-- ----------------------------
-- Table structure for act_id_info
-- ----------------------------
DROP TABLE IF EXISTS `act_id_info`;
CREATE TABLE `act_id_info`  (
  `ID_` varchar(64) CHARACTER SET utf8 COLLATE utf8_bin NOT NULL DEFAULT '',
  `REV_` int(11) DEFAULT NULL,
  `USER_ID_` varchar(64) CHARACTER SET utf8 COLLATE utf8_bin DEFAULT NULL,
  `TYPE_` varchar(64) CHARACTER SET utf8 COLLATE utf8_bin DEFAULT NULL,
  `KEY_` varchar(255) CHARACTER SET utf8 COLLATE utf8_bin DEFAULT NULL,
  `VALUE_` varchar(255) CHARACTER SET utf8 COLLATE utf8_bin DEFAULT NULL,
  `PASSWORD_` longblob,
  `PARENT_ID_` varchar(255) CHARACTER SET utf8 COLLATE utf8_bin DEFAULT NULL,
  PRIMARY KEY (`ID_`) USING BTREE
) ENGINE = InnoDB CHARACTER SET = utf8 COLLATE = utf8_bin ROW_FORMAT = Compact;

-- ----------------------------
-- Table structure for act_id_membership
-- ----------------------------
DROP TABLE IF EXISTS `act_id_membership`;
CREATE TABLE `act_id_membership`  (
  `USER_ID_` varchar(64) CHARACTER SET utf8 COLLATE utf8_bin NOT NULL DEFAULT '',
  `GROUP_ID_` varchar(64) CHARACTER SET utf8 COLLATE utf8_bin NOT NULL DEFAULT '',
  PRIMARY KEY (`USER_ID_`, `GROUP_ID_`) USING BTREE,
  INDEX `ACT_FK_MEMB_GROUP`(`GROUP_ID_`) USING BTREE,
  CONSTRAINT `ACT_FK_MEMB_GROUP` FOREIGN KEY (`GROUP_ID_`) REFERENCES `act_id_group` (`ID_`) ON DELETE RESTRICT ON UPDATE RESTRICT,
  CONSTRAINT `ACT_FK_MEMB_USER` FOREIGN KEY (`USER_ID_`) REFERENCES `act_id_user` (`ID_`) ON DELETE RESTRICT ON UPDATE RESTRICT
) ENGINE = InnoDB CHARACTER SET = utf8 COLLATE = utf8_bin ROW_FORMAT = Compact;

-- ----------------------------
-- Table structure for act_id_user
-- ----------------------------
DROP TABLE IF EXISTS `act_id_user`;
CREATE TABLE `act_id_user`  (
  `ID_` varchar(64) CHARACTER SET utf8 COLLATE utf8_bin NOT NULL DEFAULT '',
  `REV_` int(11) DEFAULT NULL,
  `FIRST_` varchar(255) CHARACTER SET utf8 COLLATE utf8_bin DEFAULT NULL,
  `LAST_` varchar(255) CHARACTER SET utf8 COLLATE utf8_bin DEFAULT NULL,
  `EMAIL_` varchar(255) CHARACTER SET utf8 COLLATE utf8_bin DEFAULT NULL,
  `PWD_` varchar(255) CHARACTER SET utf8 COLLATE utf8_bin DEFAULT NULL,
  `PICTURE_ID_` varchar(64) CHARACTER SET utf8 COLLATE utf8_bin DEFAULT NULL,
  PRIMARY KEY (`ID_`) USING BTREE
) ENGINE = InnoDB CHARACTER SET = utf8 COLLATE = utf8_bin ROW_FORMAT = Compact;

-- ----------------------------
-- Table structure for act_re_deployment
-- ----------------------------
DROP TABLE IF EXISTS `act_re_deployment`;
CREATE TABLE `act_re_deployment`  (
  `ID_` varchar(64) CHARACTER SET utf8 COLLATE utf8_bin NOT NULL DEFAULT '',
  `NAME_` varchar(255) CHARACTER SET utf8 COLLATE utf8_bin DEFAULT NULL,
  `CATEGORY_` varchar(255) CHARACTER SET utf8 COLLATE utf8_bin DEFAULT NULL,
  `DEPLOY_TIME_` timestamp(0) NOT NULL DEFAULT CURRENT_TIMESTAMP ON UPDATE CURRENT_TIMESTAMP(0),
  PRIMARY KEY (`ID_`) USING BTREE
) ENGINE = InnoDB CHARACTER SET = utf8 COLLATE = utf8_bin ROW_FORMAT = Compact;

-- ----------------------------
-- Records of act_re_deployment
-- ----------------------------
INSERT INTO `act_re_deployment` VALUES ('1', '报销流程', NULL, '2020-08-31 09:02:52');

-- ----------------------------
-- Table structure for act_re_model
-- ----------------------------
DROP TABLE IF EXISTS `act_re_model`;
CREATE TABLE `act_re_model`  (
  `ID_` varchar(64) CHARACTER SET utf8 COLLATE utf8_bin NOT NULL,
  `REV_` int(11) DEFAULT NULL,
  `NAME_` varchar(255) CHARACTER SET utf8 COLLATE utf8_bin DEFAULT NULL,
  `KEY_` varchar(255) CHARACTER SET utf8 COLLATE utf8_bin DEFAULT NULL,
  `CATEGORY_` varchar(255) CHARACTER SET utf8 COLLATE utf8_bin DEFAULT NULL,
  `CREATE_TIME_` timestamp(0) DEFAULT NULL,
  `LAST_UPDATE_TIME_` timestamp(0) DEFAULT NULL,
  `VERSION_` int(11) DEFAULT NULL,
  `META_INFO_` varchar(4000) CHARACTER SET utf8 COLLATE utf8_bin DEFAULT NULL,
  `DEPLOYMENT_ID_` varchar(64) CHARACTER SET utf8 COLLATE utf8_bin DEFAULT NULL,
  `EDITOR_SOURCE_VALUE_ID_` varchar(64) CHARACTER SET utf8 COLLATE utf8_bin DEFAULT NULL,
  `EDITOR_SOURCE_EXTRA_VALUE_ID_` varchar(64) CHARACTER SET utf8 COLLATE utf8_bin DEFAULT NULL,
  PRIMARY KEY (`ID_`) USING BTREE,
  INDEX `ACT_FK_MODEL_SOURCE`(`EDITOR_SOURCE_VALUE_ID_`) USING BTREE,
  INDEX `ACT_FK_MODEL_SOURCE_EXTRA`(`EDITOR_SOURCE_EXTRA_VALUE_ID_`) USING BTREE,
  INDEX `ACT_FK_MODEL_DEPLOYMENT`(`DEPLOYMENT_ID_`) USING BTREE,
  CONSTRAINT `ACT_FK_MODEL_DEPLOYMENT` FOREIGN KEY (`DEPLOYMENT_ID_`) REFERENCES `act_re_deployment` (`ID_`) ON DELETE RESTRICT ON UPDATE RESTRICT,
  CONSTRAINT `ACT_FK_MODEL_SOURCE` FOREIGN KEY (`EDITOR_SOURCE_VALUE_ID_`) REFERENCES `act_ge_bytearray` (`ID_`) ON DELETE RESTRICT ON UPDATE RESTRICT,
  CONSTRAINT `ACT_FK_MODEL_SOURCE_EXTRA` FOREIGN KEY (`EDITOR_SOURCE_EXTRA_VALUE_ID_`) REFERENCES `act_ge_bytearray` (`ID_`) ON DELETE RESTRICT ON UPDATE RESTRICT
) ENGINE = InnoDB CHARACTER SET = utf8 COLLATE = utf8_bin ROW_FORMAT = Compact;

-- ----------------------------
-- Table structure for act_re_procdef
-- ----------------------------
DROP TABLE IF EXISTS `act_re_procdef`;
CREATE TABLE `act_re_procdef`  (
  `ID_` varchar(64) CHARACTER SET utf8 COLLATE utf8_bin NOT NULL,
  `REV_` int(11) DEFAULT NULL,
  `CATEGORY_` varchar(255) CHARACTER SET utf8 COLLATE utf8_bin DEFAULT NULL,
  `NAME_` varchar(255) CHARACTER SET utf8 COLLATE utf8_bin DEFAULT NULL,
  `KEY_` varchar(255) CHARACTER SET utf8 COLLATE utf8_bin NOT NULL,
  `VERSION_` int(11) NOT NULL,
  `DEPLOYMENT_ID_` varchar(64) CHARACTER SET utf8 COLLATE utf8_bin DEFAULT NULL,
  `RESOURCE_NAME_` varchar(4000) CHARACTER SET utf8 COLLATE utf8_bin DEFAULT NULL,
  `DGRM_RESOURCE_NAME_` varchar(4000) CHARACTER SET utf8 COLLATE utf8_bin DEFAULT NULL,
  `DESCRIPTION_` varchar(4000) CHARACTER SET utf8 COLLATE utf8_bin DEFAULT NULL,
  `HAS_START_FORM_KEY_` tinyint(4) DEFAULT NULL,
  `SUSPENSION_STATE_` int(11) DEFAULT NULL,
  PRIMARY KEY (`ID_`) USING BTREE,
  UNIQUE INDEX `ACT_UNIQ_PROCDEF`(`KEY_`, `VERSION_`) USING BTREE
) ENGINE = InnoDB CHARACTER SET = utf8 COLLATE = utf8_bin ROW_FORMAT = Compact;

-- ----------------------------
-- Records of act_re_procdef
-- ----------------------------
INSERT INTO `act_re_procdef` VALUES ('baoxiao:1:4', 1, 'http://www.activiti.org/test', 'baoxiaoProcess', 'baoxiao', 1, '1', 'baoxiaoprocess.bpmn', 'baoxiaoprocess.png', NULL, 0, 1);

-- ----------------------------
-- Table structure for act_ru_event_subscr
-- ----------------------------
DROP TABLE IF EXISTS `act_ru_event_subscr`;
CREATE TABLE `act_ru_event_subscr`  (
  `ID_` varchar(64) CHARACTER SET utf8 COLLATE utf8_bin NOT NULL,
  `REV_` int(11) DEFAULT NULL,
  `EVENT_TYPE_` varchar(255) CHARACTER SET utf8 COLLATE utf8_bin NOT NULL,
  `EVENT_NAME_` varchar(255) CHARACTER SET utf8 COLLATE utf8_bin DEFAULT NULL,
  `EXECUTION_ID_` varchar(64) CHARACTER SET utf8 COLLATE utf8_bin DEFAULT NULL,
  `PROC_INST_ID_` varchar(64) CHARACTER SET utf8 COLLATE utf8_bin DEFAULT NULL,
  `ACTIVITY_ID_` varchar(64) CHARACTER SET utf8 COLLATE utf8_bin DEFAULT NULL,
  `CONFIGURATION_` varchar(255) CHARACTER SET utf8 COLLATE utf8_bin DEFAULT NULL,
  `CREATED_` timestamp(0) NOT NULL DEFAULT CURRENT_TIMESTAMP ON UPDATE CURRENT_TIMESTAMP(0),
  PRIMARY KEY (`ID_`) USING BTREE,
  INDEX `ACT_IDX_EVENT_SUBSCR_CONFIG_`(`CONFIGURATION_`) USING BTREE,
  INDEX `ACT_FK_EVENT_EXEC`(`EXECUTION_ID_`) USING BTREE,
  CONSTRAINT `ACT_FK_EVENT_EXEC` FOREIGN KEY (`EXECUTION_ID_`) REFERENCES `act_ru_execution` (`ID_`) ON DELETE RESTRICT ON UPDATE RESTRICT
) ENGINE = InnoDB CHARACTER SET = utf8 COLLATE = utf8_bin ROW_FORMAT = Compact;

-- ----------------------------
-- Table structure for act_ru_execution
-- ----------------------------
DROP TABLE IF EXISTS `act_ru_execution`;
CREATE TABLE `act_ru_execution`  (
  `ID_` varchar(64) CHARACTER SET utf8 COLLATE utf8_bin NOT NULL DEFAULT '',
  `REV_` int(11) DEFAULT NULL,
  `PROC_INST_ID_` varchar(64) CHARACTER SET utf8 COLLATE utf8_bin DEFAULT NULL,
  `BUSINESS_KEY_` varchar(255) CHARACTER SET utf8 COLLATE utf8_bin DEFAULT NULL,
  `PARENT_ID_` varchar(64) CHARACTER SET utf8 COLLATE utf8_bin DEFAULT NULL,
  `PROC_DEF_ID_` varchar(64) CHARACTER SET utf8 COLLATE utf8_bin DEFAULT NULL,
  `SUPER_EXEC_` varchar(64) CHARACTER SET utf8 COLLATE utf8_bin DEFAULT NULL,
  `ACT_ID_` varchar(255) CHARACTER SET utf8 COLLATE utf8_bin DEFAULT NULL,
  `IS_ACTIVE_` tinyint(4) DEFAULT NULL,
  `IS_CONCURRENT_` tinyint(4) DEFAULT NULL,
  `IS_SCOPE_` tinyint(4) DEFAULT NULL,
  `IS_EVENT_SCOPE_` tinyint(4) DEFAULT NULL,
  `SUSPENSION_STATE_` int(11) DEFAULT NULL,
  `CACHED_ENT_STATE_` int(11) DEFAULT NULL,
  PRIMARY KEY (`ID_`) USING BTREE,
  UNIQUE INDEX `ACT_UNIQ_RU_BUS_KEY`(`PROC_DEF_ID_`, `BUSINESS_KEY_`) USING BTREE,
  INDEX `ACT_IDX_EXEC_BUSKEY`(`BUSINESS_KEY_`) USING BTREE,
  INDEX `ACT_FK_EXE_PROCINST`(`PROC_INST_ID_`) USING BTREE,
  INDEX `ACT_FK_EXE_PARENT`(`PARENT_ID_`) USING BTREE,
  INDEX `ACT_FK_EXE_SUPER`(`SUPER_EXEC_`) USING BTREE,
  CONSTRAINT `ACT_FK_EXE_PARENT` FOREIGN KEY (`PARENT_ID_`) REFERENCES `act_ru_execution` (`ID_`) ON DELETE RESTRICT ON UPDATE RESTRICT,
  CONSTRAINT `ACT_FK_EXE_PROCDEF` FOREIGN KEY (`PROC_DEF_ID_`) REFERENCES `act_re_procdef` (`ID_`) ON DELETE RESTRICT ON UPDATE RESTRICT,
  CONSTRAINT `ACT_FK_EXE_PROCINST` FOREIGN KEY (`PROC_INST_ID_`) REFERENCES `act_ru_execution` (`ID_`) ON DELETE CASCADE ON UPDATE CASCADE,
  CONSTRAINT `ACT_FK_EXE_SUPER` FOREIGN KEY (`SUPER_EXEC_`) REFERENCES `act_ru_execution` (`ID_`) ON DELETE RESTRICT ON UPDATE RESTRICT
) ENGINE = InnoDB CHARACTER SET = utf8 COLLATE = utf8_bin ROW_FORMAT = Compact;

-- ----------------------------
-- Table structure for act_ru_identitylink
-- ----------------------------
DROP TABLE IF EXISTS `act_ru_identitylink`;
CREATE TABLE `act_ru_identitylink`  (
  `ID_` varchar(64) CHARACTER SET utf8 COLLATE utf8_bin NOT NULL DEFAULT '',
  `REV_` int(11) DEFAULT NULL,
  `GROUP_ID_` varchar(255) CHARACTER SET utf8 COLLATE utf8_bin DEFAULT NULL,
  `TYPE_` varchar(255) CHARACTER SET utf8 COLLATE utf8_bin DEFAULT NULL,
  `USER_ID_` varchar(255) CHARACTER SET utf8 COLLATE utf8_bin DEFAULT NULL,
  `TASK_ID_` varchar(64) CHARACTER SET utf8 COLLATE utf8_bin DEFAULT NULL,
  `PROC_INST_ID_` varchar(64) CHARACTER SET utf8 COLLATE utf8_bin DEFAULT NULL,
  `PROC_DEF_ID_` varchar(64) CHARACTER SET utf8 COLLATE utf8_bin DEFAULT NULL,
  PRIMARY KEY (`ID_`) USING BTREE,
  INDEX `ACT_IDX_IDENT_LNK_USER`(`USER_ID_`) USING BTREE,
  INDEX `ACT_IDX_IDENT_LNK_GROUP`(`GROUP_ID_`) USING BTREE,
  INDEX `ACT_IDX_ATHRZ_PROCEDEF`(`PROC_DEF_ID_`) USING BTREE,
  INDEX `ACT_FK_TSKASS_TASK`(`TASK_ID_`) USING BTREE,
  INDEX `ACT_FK_IDL_PROCINST`(`PROC_INST_ID_`) USING BTREE,
  CONSTRAINT `ACT_FK_ATHRZ_PROCEDEF` FOREIGN KEY (`PROC_DEF_ID_`) REFERENCES `act_re_procdef` (`ID_`) ON DELETE RESTRICT ON UPDATE RESTRICT,
  CONSTRAINT `ACT_FK_IDL_PROCINST` FOREIGN KEY (`PROC_INST_ID_`) REFERENCES `act_ru_execution` (`ID_`) ON DELETE RESTRICT ON UPDATE RESTRICT,
  CONSTRAINT `ACT_FK_TSKASS_TASK` FOREIGN KEY (`TASK_ID_`) REFERENCES `act_ru_task` (`ID_`) ON DELETE RESTRICT ON UPDATE RESTRICT
) ENGINE = InnoDB CHARACTER SET = utf8 COLLATE = utf8_bin ROW_FORMAT = Compact;

-- ----------------------------
-- Table structure for act_ru_job
-- ----------------------------
DROP TABLE IF EXISTS `act_ru_job`;
CREATE TABLE `act_ru_job`  (
  `ID_` varchar(64) CHARACTER SET utf8 COLLATE utf8_bin NOT NULL,
  `REV_` int(11) DEFAULT NULL,
  `TYPE_` varchar(255) CHARACTER SET utf8 COLLATE utf8_bin NOT NULL,
  `LOCK_EXP_TIME_` timestamp(0) DEFAULT NULL,
  `LOCK_OWNER_` varchar(255) CHARACTER SET utf8 COLLATE utf8_bin DEFAULT NULL,
  `EXCLUSIVE_` tinyint(1) DEFAULT NULL,
  `EXECUTION_ID_` varchar(64) CHARACTER SET utf8 COLLATE utf8_bin DEFAULT NULL,
  `PROCESS_INSTANCE_ID_` varchar(64) CHARACTER SET utf8 COLLATE utf8_bin DEFAULT NULL,
  `PROC_DEF_ID_` varchar(64) CHARACTER SET utf8 COLLATE utf8_bin DEFAULT NULL,
  `RETRIES_` int(11) DEFAULT NULL,
  `EXCEPTION_STACK_ID_` varchar(64) CHARACTER SET utf8 COLLATE utf8_bin DEFAULT NULL,
  `EXCEPTION_MSG_` varchar(4000) CHARACTER SET utf8 COLLATE utf8_bin DEFAULT NULL,
  `DUEDATE_` timestamp(0) DEFAULT NULL,
  `REPEAT_` varchar(255) CHARACTER SET utf8 COLLATE utf8_bin DEFAULT NULL,
  `HANDLER_TYPE_` varchar(255) CHARACTER SET utf8 COLLATE utf8_bin DEFAULT NULL,
  `HANDLER_CFG_` varchar(4000) CHARACTER SET utf8 COLLATE utf8_bin DEFAULT NULL,
  PRIMARY KEY (`ID_`) USING BTREE,
  INDEX `ACT_FK_JOB_EXCEPTION`(`EXCEPTION_STACK_ID_`) USING BTREE,
  CONSTRAINT `ACT_FK_JOB_EXCEPTION` FOREIGN KEY (`EXCEPTION_STACK_ID_`) REFERENCES `act_ge_bytearray` (`ID_`) ON DELETE RESTRICT ON UPDATE RESTRICT
) ENGINE = InnoDB CHARACTER SET = utf8 COLLATE = utf8_bin ROW_FORMAT = Compact;

-- ----------------------------
-- Table structure for act_ru_task
-- ----------------------------
DROP TABLE IF EXISTS `act_ru_task`;
CREATE TABLE `act_ru_task`  (
  `ID_` varchar(64) CHARACTER SET utf8 COLLATE utf8_bin NOT NULL DEFAULT '',
  `REV_` int(11) DEFAULT NULL,
  `EXECUTION_ID_` varchar(64) CHARACTER SET utf8 COLLATE utf8_bin DEFAULT NULL,
  `PROC_INST_ID_` varchar(64) CHARACTER SET utf8 COLLATE utf8_bin DEFAULT NULL,
  `PROC_DEF_ID_` varchar(64) CHARACTER SET utf8 COLLATE utf8_bin DEFAULT NULL,
  `NAME_` varchar(255) CHARACTER SET utf8 COLLATE utf8_bin DEFAULT NULL,
  `PARENT_TASK_ID_` varchar(64) CHARACTER SET utf8 COLLATE utf8_bin DEFAULT NULL,
  `DESCRIPTION_` varchar(4000) CHARACTER SET utf8 COLLATE utf8_bin DEFAULT NULL,
  `TASK_DEF_KEY_` varchar(255) CHARACTER SET utf8 COLLATE utf8_bin DEFAULT NULL,
  `OWNER_` varchar(255) CHARACTER SET utf8 COLLATE utf8_bin DEFAULT NULL,
  `ASSIGNEE_` varchar(255) CHARACTER SET utf8 COLLATE utf8_bin DEFAULT NULL,
  `DELEGATION_` varchar(64) CHARACTER SET utf8 COLLATE utf8_bin DEFAULT NULL,
  `PRIORITY_` int(11) DEFAULT NULL,
  `CREATE_TIME_` timestamp(0) NOT NULL DEFAULT CURRENT_TIMESTAMP ON UPDATE CURRENT_TIMESTAMP(0),
  `DUE_DATE_` datetime(0) DEFAULT NULL,
  `SUSPENSION_STATE_` int(11) DEFAULT NULL,
  PRIMARY KEY (`ID_`) USING BTREE,
  INDEX `ACT_IDX_TASK_CREATE`(`CREATE_TIME_`) USING BTREE,
  INDEX `ACT_FK_TASK_EXE`(`EXECUTION_ID_`) USING BTREE,
  INDEX `ACT_FK_TASK_PROCINST`(`PROC_INST_ID_`) USING BTREE,
  INDEX `ACT_FK_TASK_PROCDEF`(`PROC_DEF_ID_`) USING BTREE,
  CONSTRAINT `ACT_FK_TASK_EXE` FOREIGN KEY (`EXECUTION_ID_`) REFERENCES `act_ru_execution` (`ID_`) ON DELETE RESTRICT ON UPDATE RESTRICT,
  CONSTRAINT `ACT_FK_TASK_PROCDEF` FOREIGN KEY (`PROC_DEF_ID_`) REFERENCES `act_re_procdef` (`ID_`) ON DELETE RESTRICT ON UPDATE RESTRICT,
  CONSTRAINT `ACT_FK_TASK_PROCINST` FOREIGN KEY (`PROC_INST_ID_`) REFERENCES `act_ru_execution` (`ID_`) ON DELETE RESTRICT ON UPDATE RESTRICT
) ENGINE = InnoDB CHARACTER SET = utf8 COLLATE = utf8_bin ROW_FORMAT = Compact;

-- ----------------------------
-- Table structure for act_ru_variable
-- ----------------------------
DROP TABLE IF EXISTS `act_ru_variable`;
CREATE TABLE `act_ru_variable`  (
  `ID_` varchar(64) CHARACTER SET utf8 COLLATE utf8_bin NOT NULL,
  `REV_` int(11) DEFAULT NULL,
  `TYPE_` varchar(255) CHARACTER SET utf8 COLLATE utf8_bin NOT NULL,
  `NAME_` varchar(255) CHARACTER SET utf8 COLLATE utf8_bin NOT NULL,
  `EXECUTION_ID_` varchar(64) CHARACTER SET utf8 COLLATE utf8_bin DEFAULT NULL,
  `PROC_INST_ID_` varchar(64) CHARACTER SET utf8 COLLATE utf8_bin DEFAULT NULL,
  `TASK_ID_` varchar(64) CHARACTER SET utf8 COLLATE utf8_bin DEFAULT NULL,
  `BYTEARRAY_ID_` varchar(64) CHARACTER SET utf8 COLLATE utf8_bin DEFAULT NULL,
  `DOUBLE_` double DEFAULT NULL,
  `LONG_` bigint(20) DEFAULT NULL,
  `TEXT_` varchar(4000) CHARACTER SET utf8 COLLATE utf8_bin DEFAULT NULL,
  `TEXT2_` varchar(4000) CHARACTER SET utf8 COLLATE utf8_bin DEFAULT NULL,
  PRIMARY KEY (`ID_`) USING BTREE,
  INDEX `ACT_IDX_VARIABLE_TASK_ID`(`TASK_ID_`) USING BTREE,
  INDEX `ACT_FK_VAR_EXE`(`EXECUTION_ID_`) USING BTREE,
  INDEX `ACT_FK_VAR_PROCINST`(`PROC_INST_ID_`) USING BTREE,
  INDEX `ACT_FK_VAR_BYTEARRAY`(`BYTEARRAY_ID_`) USING BTREE,
  CONSTRAINT `ACT_FK_VAR_BYTEARRAY` FOREIGN KEY (`BYTEARRAY_ID_`) REFERENCES `act_ge_bytearray` (`ID_`) ON DELETE RESTRICT ON UPDATE RESTRICT,
  CONSTRAINT `ACT_FK_VAR_EXE` FOREIGN KEY (`EXECUTION_ID_`) REFERENCES `act_ru_execution` (`ID_`) ON DELETE RESTRICT ON UPDATE RESTRICT,
  CONSTRAINT `ACT_FK_VAR_PROCINST` FOREIGN KEY (`PROC_INST_ID_`) REFERENCES `act_ru_execution` (`ID_`) ON DELETE RESTRICT ON UPDATE RESTRICT
) ENGINE = InnoDB CHARACTER SET = utf8 COLLATE = utf8_bin ROW_FORMAT = Compact;

-- ----------------------------
-- Table structure for baoxiaobill
-- ----------------------------
DROP TABLE IF EXISTS `baoxiaobill`;
CREATE TABLE `baoxiaobill`  (
  `id` int(11) NOT NULL AUTO_INCREMENT,
  `money` decimal(8, 2) NOT NULL,
  `title` varchar(200) CHARACTER SET utf8 COLLATE utf8_general_ci NOT NULL,
  `remark` varchar(500) CHARACTER SET utf8 COLLATE utf8_general_ci NOT NULL,
  `creatdate` datetime(0) NOT NULL,
  `state` int(11) NOT NULL,
  `user_id` int(11) NOT NULL,
  PRIMARY KEY (`id`) USING BTREE
) ENGINE = InnoDB AUTO_INCREMENT = 22 CHARACTER SET = utf8 COLLATE = utf8_general_ci ROW_FORMAT = Compact;

-- ----------------------------
-- Records of baoxiaobill
-- ----------------------------
INSERT INTO `baoxiaobill` VALUES (19, 10.00, '如来神掌', '有一招从天而降的掌法', '2020-08-31 09:05:07', 2, 3);
INSERT INTO `baoxiaobill` VALUES (20, 10.00, '如来神掌', '10快都不给？', '2020-08-31 09:07:23', 2, 3);
INSERT INTO `baoxiaobill` VALUES (21, 10.00, '公关大全', '仅需110快！', '2020-08-31 09:47:12', 2, 5);

-- ----------------------------
-- Table structure for employee
-- ----------------------------
DROP TABLE IF EXISTS `employee`;
CREATE TABLE `employee`  (
  `id` bigint(20) NOT NULL AUTO_INCREMENT,
  `name` varchar(255) CHARACTER SET utf8 COLLATE utf8_general_ci DEFAULT NULL,
  `password` varchar(255) CHARACTER SET utf8 COLLATE utf8_general_ci DEFAULT NULL,
  `email` varchar(255) CHARACTER SET utf8 COLLATE utf8_general_ci DEFAULT NULL,
  `role` int(2) DEFAULT NULL,
  `manager_id` bigint(20) DEFAULT NULL,
  `salt` varchar(50) CHARACTER SET utf8 COLLATE utf8_general_ci DEFAULT NULL,
  PRIMARY KEY (`id`) USING BTREE,
  UNIQUE INDEX `name`(`name`) USING BTREE,
  UNIQUE INDEX `email`(`email`) USING BTREE,
  INDEX `FK4722E6AEC8CB2A1E`(`manager_id`) USING BTREE,
  CONSTRAINT `FK4722E6AEC8CB2A1E` FOREIGN KEY (`manager_id`) REFERENCES `employee` (`id`) ON DELETE RESTRICT ON UPDATE RESTRICT
) ENGINE = InnoDB AUTO_INCREMENT = 26 CHARACTER SET = utf8 COLLATE = utf8_general_ci ROW_FORMAT = Compact;

-- ----------------------------
-- Records of employee
-- ----------------------------
INSERT INTO `employee` VALUES (1, 'danny', '8914684fb7da95dc7b8f6afa3f88fe67', 'wangzhongjun@163.com', 4, 1, 'eteokues');
INSERT INTO `employee` VALUES (2, 'jack', '8914684fb7da95dc7b8f6afa3f88fe67', 'fengxiaogangManager@163.com', 2, 1, 'eteokues');
INSERT INTO `employee` VALUES (3, 'mike', '8914684fb7da95dc7b8f6afa3f88fe67', 'fanbingbingManager@163.com', 2, 1, 'eteokues');
INSERT INTO `employee` VALUES (4, 'chen', '8914684fb7da95dc7b8f6afa3f88fe67', 'fengxiaogang@163.com', 1, 2, 'eteokues');
INSERT INTO `employee` VALUES (5, 'zhang', '8914684fb7da95dc7b8f6afa3f88fe67', 'fanbingbing@163.com', 1, 3, 'eteokues');
INSERT INTO `employee` VALUES (6, 'li', '8914684fb7da95dc7b8f6afa3f88fe67', 'li@qq.com', 1, 1, 'eteokues');
INSERT INTO `employee` VALUES (24, '办公室花瓶', '8914684fb7da95dc7b8f6afa3f88fe67', '1564645@qq.com', 1, 3, 'eteokues');
INSERT INTO `employee` VALUES (25, 'sdfsad', '794a0bd427a0b3c80f3732945906c8ad', 'asdfasd', 1, 3, 'eteokues');

-- ----------------------------
-- Table structure for leavebill
-- ----------------------------
DROP TABLE IF EXISTS `leavebill`;
CREATE TABLE `leavebill`  (
  `id` bigint(20) NOT NULL AUTO_INCREMENT,
  `days` int(11) DEFAULT NULL,
  `content` varchar(255) CHARACTER SET utf8 COLLATE utf8_general_ci DEFAULT NULL,
  `remark` varchar(255) CHARACTER SET utf8 COLLATE utf8_general_ci DEFAULT NULL,
  `leaveDate` datetime(0) DEFAULT NULL,
  `state` int(11) DEFAULT NULL,
  `user_id` bigint(20) DEFAULT NULL,
  PRIMARY KEY (`id`) USING BTREE,
  INDEX `FK62FCB35E2B4D7140`(`user_id`) USING BTREE,
  CONSTRAINT `FK62FCB35E2B4D7140` FOREIGN KEY (`user_id`) REFERENCES `employee` (`id`) ON DELETE RESTRICT ON UPDATE RESTRICT
) ENGINE = InnoDB AUTO_INCREMENT = 22 CHARACTER SET = utf8 COLLATE = utf8_general_ci ROW_FORMAT = Compact;

-- ----------------------------
-- Records of leavebill
-- ----------------------------
INSERT INTO `leavebill` VALUES (10, 5, '旅游', '休年假', '2018-03-21 08:26:55', 1, 5);
INSERT INTO `leavebill` VALUES (14, 7, '病假', '调休', '2018-05-17 08:46:25', 1, 5);
INSERT INTO `leavebill` VALUES (15, 1, '事假', '外出办事', '2018-06-27 08:39:58', 2, 5);
INSERT INTO `leavebill` VALUES (16, 15, '旅游', '休年假', '2018-06-27 09:02:17', 1, 5);
INSERT INTO `leavebill` VALUES (17, 15, '年假', '去旅游', '2018-11-08 14:30:46', 1, 5);
INSERT INTO `leavebill` VALUES (18, 20, '年假', '回家结婚', '2018-11-12 14:57:25', 2, 5);
INSERT INTO `leavebill` VALUES (19, 10, '请假测试01', '去旅游', '2019-03-14 09:51:12', 0, 5);
INSERT INTO `leavebill` VALUES (20, 8, '请假测试02', '回家过年', '2019-03-14 15:22:45', 2, 5);
INSERT INTO `leavebill` VALUES (21, 8, '请假测试02', '回家过年', '2019-03-14 15:25:28', 0, 5);

-- ----------------------------
-- Table structure for sys_permission
-- ----------------------------
DROP TABLE IF EXISTS `sys_permission`;
CREATE TABLE `sys_permission`  (
  `id` bigint(20) NOT NULL AUTO_INCREMENT COMMENT '主键',
  `name` varchar(128) CHARACTER SET utf8 COLLATE utf8_general_ci NOT NULL COMMENT '资源名称',
  `type` varchar(32) CHARACTER SET utf8 COLLATE utf8_general_ci NOT NULL COMMENT '资源类型：menu,button,',
  `url` varchar(128) CHARACTER SET utf8 COLLATE utf8_general_ci DEFAULT NULL COMMENT '访问url地址',
  `percode` varchar(128) CHARACTER SET utf8 COLLATE utf8_general_ci DEFAULT NULL COMMENT '权限代码字符串',
  `parentid` bigint(20) DEFAULT NULL COMMENT '父结点id',
  `parentids` varchar(128) CHARACTER SET utf8 COLLATE utf8_general_ci DEFAULT NULL COMMENT '父结点id列表串',
  `sortstring` varchar(128) CHARACTER SET utf8 COLLATE utf8_general_ci DEFAULT NULL COMMENT '排序号',
  `available` char(1) CHARACTER SET utf8 COLLATE utf8_general_ci DEFAULT NULL COMMENT '是否可用,1：可用，0不可用',
  PRIMARY KEY (`id`) USING BTREE
) ENGINE = InnoDB AUTO_INCREMENT = 37 CHARACTER SET = utf8 COLLATE = utf8_general_ci ROW_FORMAT = Compact;

-- ----------------------------
-- Records of sys_permission
-- ----------------------------
INSERT INTO `sys_permission` VALUES (1, '权限', '', '', NULL, 0, '0/', '0', '1');
INSERT INTO `sys_permission` VALUES (11, '报销管理', 'menu', '', 'baoxiao:manager', 1, '0/1/', '1.', '1');
INSERT INTO `sys_permission` VALUES (12, '报销申请', 'menu|permission', 'apply_baoxiao.jsp', 'baoxiao:apply', 11, '0/1/11/', '', '1');
INSERT INTO `sys_permission` VALUES (13, '我的报销单', 'menu|permission', 'myBaoxiaoBill', 'baoxiao:billquery', 11, '0/1/11/', '', '1');
INSERT INTO `sys_permission` VALUES (14, '我的待办事务', 'menu|permission', 'myTaskList', 'baoxiao:tasklist', 11, '0/1/11/', '', '1');
INSERT INTO `sys_permission` VALUES (15, '流程管理', 'menu', '', 'baoxiao:process', 1, '0/1/15/', NULL, '1');
INSERT INTO `sys_permission` VALUES (21, '发布流程', 'menu|permission', 'add_process.jsp', 'baoxiao:publish', 15, '0/1/', '2.', '1');
INSERT INTO `sys_permission` VALUES (22, '查看流程', 'menu|permission', 'processDefinitionList', 'baoxiao:processlist', 15, '0/1/21/', '', '1');
INSERT INTO `sys_permission` VALUES (23, '系统管理', 'menu', '', 'user:manager', 1, '0/1/21/', '', '1');
INSERT INTO `sys_permission` VALUES (24, '用户管理', 'menu|permission', 'findUserList', 'user:query', 23, '0/1/21/', '', '1');
INSERT INTO `sys_permission` VALUES (25, '角色添加', 'menu|permission', 'toAddRole', 'user:create', 23, '0/1/21/', '', '1');
INSERT INTO `sys_permission` VALUES (26, '删除流程定义', 'permission', 'delDeployment', 'baoxiao:remove', 15, NULL, NULL, '1');
INSERT INTO `sys_permission` VALUES (27, '查看流程定义图', 'permission', 'viewImage', 'baoxiao:viewimage', 15, NULL, NULL, '1');
INSERT INTO `sys_permission` VALUES (28, '角色列表', 'menu|permission', 'findRoles', 'baoxiao:rolelist', 23, NULL, NULL, '1');
INSERT INTO `sys_permission` VALUES (35, '小美女', 'permission', '/fanren', 'fan:ren', 34, NULL, NULL, '1');
INSERT INTO `sys_permission` VALUES (36, '撒旦发射点发', 'menu|permission', '/renshibu', 'listener:look', 34, NULL, NULL, '1');

-- ----------------------------
-- Table structure for sys_role
-- ----------------------------
DROP TABLE IF EXISTS `sys_role`;
CREATE TABLE `sys_role`  (
  `id` varchar(36) CHARACTER SET utf8 COLLATE utf8_general_ci NOT NULL,
  `name` varchar(128) CHARACTER SET utf8 COLLATE utf8_general_ci NOT NULL,
  `available` char(1) CHARACTER SET utf8 COLLATE utf8_general_ci DEFAULT NULL COMMENT '是否可用,1：可用，0不可用',
  PRIMARY KEY (`id`) USING BTREE
) ENGINE = InnoDB CHARACTER SET = utf8 COLLATE = utf8_general_ci ROW_FORMAT = Compact;

-- ----------------------------
-- Records of sys_role
-- ----------------------------
INSERT INTO `sys_role` VALUES ('1', '普通用户', '1');
INSERT INTO `sys_role` VALUES ('2', '部门经理', '1');
INSERT INTO `sys_role` VALUES ('3', '总经理', '1');
INSERT INTO `sys_role` VALUES ('4', '财务', '1');
INSERT INTO `sys_role` VALUES ('5', '会计部主管', '1');

-- ----------------------------
-- Table structure for sys_role_permission
-- ----------------------------
DROP TABLE IF EXISTS `sys_role_permission`;
CREATE TABLE `sys_role_permission`  (
  `id` varchar(36) CHARACTER SET utf8 COLLATE utf8_general_ci NOT NULL,
  `sys_role_id` varchar(36) CHARACTER SET utf8 COLLATE utf8_general_ci NOT NULL COMMENT '角色id',
  `sys_permission_id` varchar(36) CHARACTER SET utf8 COLLATE utf8_general_ci NOT NULL COMMENT '权限id',
  PRIMARY KEY (`id`) USING BTREE
) ENGINE = InnoDB CHARACTER SET = utf8 COLLATE = utf8_general_ci ROW_FORMAT = Compact;

-- ----------------------------
-- Records of sys_role_permission
-- ----------------------------
INSERT INTO `sys_role_permission` VALUES ('02e3469e-e476-4440-b8c3-827e0e357dff', '5', '26');
INSERT INTO `sys_role_permission` VALUES ('04e5f3f8-038b-4926-9ec4-634ee7da266f', '2', '15');
INSERT INTO `sys_role_permission` VALUES ('05cacefc-26e6-4777-8d10-0ece5fa45224', '681314510', '11');
INSERT INTO `sys_role_permission` VALUES ('08468521-f8f0-403b-8344-b6084269e2a9', '4', '12');
INSERT INTO `sys_role_permission` VALUES ('0957915b-24c4-4d5b-82e5-bcd21a5bd38e', '1237562390', '13');
INSERT INTO `sys_role_permission` VALUES ('0b256f78-cb31-4fb1-ad8a-7fc96ea4a7cd', '3', '24');
INSERT INTO `sys_role_permission` VALUES ('0f11c7eb-267d-4629-a8bb-1996ebd8fc8e', '2', '12');
INSERT INTO `sys_role_permission` VALUES ('174c08dc-66df-41d3-a174-5e4646881ccf', '3', '11');
INSERT INTO `sys_role_permission` VALUES ('19e7ec24-e0d6-47ee-8a50-19e3ecfefed4', '3', '12');
INSERT INTO `sys_role_permission` VALUES ('25a1830c-58d4-485a-880c-41a187d83887', '5', '11');
INSERT INTO `sys_role_permission` VALUES ('265b4d58-00ae-4cac-b973-693c85bfc0c5', '3', '22');
INSERT INTO `sys_role_permission` VALUES ('26efc461-00b3-4dd0-9d40-5e81c2a5d911', '4', '11');
INSERT INTO `sys_role_permission` VALUES ('29c732ec-cc17-4889-8b78-bc031cf765a3', '0', '11');
INSERT INTO `sys_role_permission` VALUES ('2a0e0f4c-56a9-4bbb-8e76-0f7052d3ffbe', '0', '13');
INSERT INTO `sys_role_permission` VALUES ('2bf0a7b5-91f8-4803-a115-2efa175fd4b9', '4', '22');
INSERT INTO `sys_role_permission` VALUES ('3642008e-5727-4412-8824-80c85d3990fd', '4', '14');
INSERT INTO `sys_role_permission` VALUES ('3759ed26-54b2-4f1f-93c2-89e157c8eec8', '681314510', '13');
INSERT INTO `sys_role_permission` VALUES ('39f42b98-a64f-4566-a297-93de2c4f5b6d', '2082040146', '12');
INSERT INTO `sys_role_permission` VALUES ('3f56ebe5-afc3-4613-97bc-0ff2b09f2bd6', '0', '15');
INSERT INTO `sys_role_permission` VALUES ('3f60a2ed-294a-45ce-bdf3-75a111a4ed79', '5', '21');
INSERT INTO `sys_role_permission` VALUES ('4be99db6-d92a-49a2-b47e-9b3b85955911', '732997498', '11');
INSERT INTO `sys_role_permission` VALUES ('4d6696eb-9286-46df-a8c5-2df31c9a8e18', '5', '14');
INSERT INTO `sys_role_permission` VALUES ('4e9315b3-6ffd-4bf1-8005-af5ce83ad659', '2', '13');
INSERT INTO `sys_role_permission` VALUES ('4ff7c991-c7aa-4a01-b4b7-475087b6ba46', '3', '26');
INSERT INTO `sys_role_permission` VALUES ('51bd4ec1-078d-4783-a601-0fb5e7372adf', '2029118299', '11');
INSERT INTO `sys_role_permission` VALUES ('556f77f2-06ea-4145-89e6-bbce596add6a', '681314510', '12');
INSERT INTO `sys_role_permission` VALUES ('5d504fd0-91a2-456e-b54c-6e8c76bcb581', '3', '21');
INSERT INTO `sys_role_permission` VALUES ('5e9e2a1b-bd4a-4af2-9b43-efa3ed60ec89', '5', '27');
INSERT INTO `sys_role_permission` VALUES ('61f28cc8-ee1d-488a-ac35-dc4e4b99dd72', '452991510', '11');
INSERT INTO `sys_role_permission` VALUES ('62b0b78c-f37e-4fa4-905d-c31f69e9569f', '1793746496', '13');
INSERT INTO `sys_role_permission` VALUES ('631b0162-9e3b-4999-99af-10643a188517', '4', '13');
INSERT INTO `sys_role_permission` VALUES ('67aa53da-3f09-4979-94fd-daeceeda6bc0', '3', '25');
INSERT INTO `sys_role_permission` VALUES ('693c801f-c339-425c-a541-1f0047e6e0c6', '1', '11');
INSERT INTO `sys_role_permission` VALUES ('69ba6f4e-6198-42c0-9db4-aed66d102220', '2', '22');
INSERT INTO `sys_role_permission` VALUES ('6af78cf7-b882-4b4e-9d1e-691dd870cfb6', '2', '11');
INSERT INTO `sys_role_permission` VALUES ('6b4b7b91-49ef-418e-b384-03434512ecda', '4', '15');
INSERT INTO `sys_role_permission` VALUES ('6ff751a9-be5b-4714-9719-107b4aa787be', '936087823', '11');
INSERT INTO `sys_role_permission` VALUES ('71ae1988-1d4f-41f1-86b9-8b680cc79ad5', '5', '24');
INSERT INTO `sys_role_permission` VALUES ('76f5c1d2-8159-4f94-a03e-482203b54151', '1', '14');
INSERT INTO `sys_role_permission` VALUES ('79e7fca9-b3d5-4b1f-8831-4c7c3cd6a9f2', '2082040146', '13');
INSERT INTO `sys_role_permission` VALUES ('8245183b-8d2c-4379-bf82-c6a5491399d7', '1', '12');
INSERT INTO `sys_role_permission` VALUES ('828f18e2-b9e4-410b-9c81-478c7a2c377f', '1793746496', '12');
INSERT INTO `sys_role_permission` VALUES ('865ae289-4e92-41f3-99ed-d559eb4f257e', 'be3eca49-fa4b-49c4-8e5c-25a9074afcfc', '11');
INSERT INTO `sys_role_permission` VALUES ('88d95a2d-85e2-49fa-908f-2bb3bb93113f', '1309590275', '11');
INSERT INTO `sys_role_permission` VALUES ('88ed6892-b7a9-435e-a73b-6b7dcd5c625a', '2082040146', '14');
INSERT INTO `sys_role_permission` VALUES ('8c3dc707-0cc7-4041-89d6-44b7fe158b9e', '1793746496', '21');
INSERT INTO `sys_role_permission` VALUES ('8ce99980-052e-4437-b65f-6e7b4501ca31', '2', '14');
INSERT INTO `sys_role_permission` VALUES ('8ebe7860-aaeb-4f92-ad4a-d68f9328d9e4', '5', '12');
INSERT INTO `sys_role_permission` VALUES ('8f632d9f-8bbb-4ac5-817e-978121395e99', '3', '13');
INSERT INTO `sys_role_permission` VALUES ('9413d7f1-5fc9-48b5-8e49-a97bb35e47f4', '1', '13');
INSERT INTO `sys_role_permission` VALUES ('96199ffb-7a93-429b-945c-5edfc0b00d3d', '1457231450', '11');
INSERT INTO `sys_role_permission` VALUES ('9926158b-2c5c-40ae-b54b-b6955732fcaa', 'ebba1d51-32f4-4fc1-b5f1-261869ef092f', '11');
INSERT INTO `sys_role_permission` VALUES ('9ab89bb8-f6be-4746-ac68-aaf18edc05cb', '4', '21');
INSERT INTO `sys_role_permission` VALUES ('9c0be40b-f4be-4dbf-aedb-f8d966c3768d', '1237562390', '14');
INSERT INTO `sys_role_permission` VALUES ('a1ddcfb8-6abe-403a-aa5f-3b4fd30df120', '3', '23');
INSERT INTO `sys_role_permission` VALUES ('a76c5315-7354-434a-9681-2ed182ca1816', '0', '21');
INSERT INTO `sys_role_permission` VALUES ('a7b37f1e-df9e-47dc-a161-930452621a64', '3', '15');
INSERT INTO `sys_role_permission` VALUES ('a8295d0c-75dd-462b-9955-11d409f537f5', '5', '28');
INSERT INTO `sys_role_permission` VALUES ('b6732eb1-a452-4917-a186-27eee3c877f0', '1237562390', '12');
INSERT INTO `sys_role_permission` VALUES ('b81e6fdf-d518-4c46-b50e-f87bc43847a4', '1457231450', '15');
INSERT INTO `sys_role_permission` VALUES ('ca4083cb-7de0-4e03-8ed3-218a67044e7f', '3', '27');
INSERT INTO `sys_role_permission` VALUES ('ca530ef3-76de-4fce-b154-222fd78d2acd', '5', '25');
INSERT INTO `sys_role_permission` VALUES ('cea67be3-3ad8-4813-ab03-683ae63f8b27', '0', '14');
INSERT INTO `sys_role_permission` VALUES ('cf027ae3-25d9-4770-b1b3-f1648cb28afb', '8cc9dfad-cbfd-4c27-bc4e-27d428b0d417', '15');
INSERT INTO `sys_role_permission` VALUES ('cf3465c9-4100-452e-b0d8-dc53b7388dfe', '8dcbac00-a358-4bdf-bc6e-9cbbce87655e', '11');
INSERT INTO `sys_role_permission` VALUES ('d7331dab-e6ed-45a5-9bf9-6e2c5b5a05b1', '5', '15');
INSERT INTO `sys_role_permission` VALUES ('e0c6ba7e-256d-4c2d-9fde-beee439d4c02', '3', '28');
INSERT INTO `sys_role_permission` VALUES ('e3f7e8a2-3ee0-4887-8e58-b4add1789eb8', '0', '12');
INSERT INTO `sys_role_permission` VALUES ('e457959f-5b17-45c6-91fe-8586a2d64cfe', '5', '23');
INSERT INTO `sys_role_permission` VALUES ('eb325408-366f-412f-b983-0e2b065957e2', '5', '22');
INSERT INTO `sys_role_permission` VALUES ('f38b336d-c1b2-4977-842f-051d8e8052ca', '8cc9dfad-cbfd-4c27-bc4e-27d428b0d417', '23');
INSERT INTO `sys_role_permission` VALUES ('f55a8971-f31b-4970-a81d-b877ce558dc4', '3', '14');
INSERT INTO `sys_role_permission` VALUES ('f85d7b50-4f54-4d34-9ca4-971694fbc786', '8cc9dfad-cbfd-4c27-bc4e-27d428b0d417', '11');
INSERT INTO `sys_role_permission` VALUES ('fb17cc60-2aeb-4bfe-94da-0f063fa9fd5e', '5', '13');

-- ----------------------------
-- Table structure for sys_user_role
-- ----------------------------
DROP TABLE IF EXISTS `sys_user_role`;
CREATE TABLE `sys_user_role`  (
  `id` varchar(36) CHARACTER SET utf8 COLLATE utf8_general_ci NOT NULL,
  `sys_user_id` varchar(36) CHARACTER SET utf8 COLLATE utf8_general_ci NOT NULL,
  `sys_role_id` varchar(36) CHARACTER SET utf8 COLLATE utf8_general_ci NOT NULL,
  PRIMARY KEY (`id`) USING BTREE
) ENGINE = InnoDB CHARACTER SET = utf8 COLLATE = utf8_general_ci ROW_FORMAT = Compact;

-- ----------------------------
-- Records of sys_user_role
-- ----------------------------
INSERT INTO `sys_user_role` VALUES ('1', 'danny', '3');
INSERT INTO `sys_user_role` VALUES ('2', 'jack', '2082040146');
INSERT INTO `sys_user_role` VALUES ('24', '办公室花瓶', '1237562390');
INSERT INTO `sys_user_role` VALUES ('25', 'sdfsad', '1');
INSERT INTO `sys_user_role` VALUES ('3', 'mike', '5');
INSERT INTO `sys_user_role` VALUES ('4', 'chen', '2');
INSERT INTO `sys_user_role` VALUES ('5', 'zhang', '1');
INSERT INTO `sys_user_role` VALUES ('6', 'li', '4');

SET FOREIGN_KEY_CHECKS = 1;
